shot,dataset,pn_state,bin,n_queries,margin_min,margin_max,median_margin,flip_percent,sd,ci95,seed_0,seed_1,seed_2,seed_3,seed_4
1,CUB,wrong,1,759,-26.878719329833984,-7.474441528320312,-9.550899505615234,0.0,0.0,0.0,0.0,0.0,0.0,0.0,0.0
1,CUB,wrong,2,759,-7.464962005615234,-5.395435333251953,-6.2994384765625,0.0,0.0,0.0,0.0,0.0,0.0,0.0,0.0
1,CUB,wrong,3,759,-5.390548706054688,-4.056041717529297,-4.63641357421875,0.0790513833992095,0.11784284466402055,0.14632121766523287,0.0,0.13175230566534915,0.2635046113306983,0.0,0.0
1,CUB,wrong,4,759,-4.0532073974609375,-3.135509490966797,-3.579547882080078,0.39525691699604737,0.48408888197296,0.6010757366765356,0.13175230566534915,0.5270092226613966,1.185770750988142,0.13175230566534915,0.0
1,CUB,wrong,5,759,-3.132881164550781,-2.4234771728515625,-2.768646240234375,2.160737812911726,1.7269103955531957,2.1442424662822246,1.4492753623188406,3.293807641633729,4.61133069828722,0.6587615283267457,0.7905138339920948
1,CUB,wrong,6,759,-2.4234275817871094,-1.8152999877929688,-2.1153640747070312,5.507246376811594,3.470116628067659,4.308718886639854,4.3478260869565215,6.719367588932807,10.935441370223979,2.1080368906455864,3.4255599472990776
1,CUB,wrong,7,759,-1.8148536682128904,-1.2697525024414062,-1.5399627685546875,13.175230566534912,5.0651865050701135,6.289259727533107,9.617918313570488,17.523056653491437,19.63109354413702,8.300395256916996,10.80368906455863
1,CUB,wrong,8,759,-1.2693443298339844,-0.7774467468261719,-1.0093002319335938,24.58498023715415,4.870916774262493,6.048041996848548,21.47562582345191,29.64426877470356,30.171277997364953,20.948616600790515,20.685111989459813
1,CUB,wrong,9,758,-0.7760467529296875,-0.3829612731933594,-0.5833263397216797,35.51451187335092,3.044893750066294,3.780734947812967,34.168865435356196,39.050131926121374,38.522427440633244,32.58575197889182,33.24538258575198
1,CUB,wrong,10,758,-0.3829307556152344,-0.0013961791992187,-0.1867523193359375,52.928759894459105,1.7536748316313822,2.1774749029927345,52.770448548812666,54.221635883905016,55.145118733509236,51.45118733509235,51.05540897097626
1,CUB,correct,1,10492,0.0006179809570312,3.74908447265625,2.1584205627441406,7.434235608082349,1.4727124414521329,1.828614018257882,6.633625619519634,8.787647731605032,9.102173084254671,5.632863133816241,7.0148684712161655
1,CUB,correct,2,10492,3.7491683959960938,6.396965026855469,5.14702033996582,0.020968356843309187,0.028112621433001576,0.034906429928489566,0.009531071292413268,0.0285932138772398,0.06671749904689288,0.0,0.0
1,CUB,correct,3,10491,6.397243499755859,8.556663513183594,7.531711578369141,0.0,0.0,0.0,0.0,0.0,0.0,0.0,0.0
1,CUB,correct,4,10491,8.55667495727539,10.55898666381836,9.56491470336914,0.0,0.0,0.0,0.0,0.0,0.0,0.0,0.0
1,CUB,correct,5,10491,10.55911636352539,12.547943115234377,11.543251037597656,0.0,0.0,0.0,0.0,0.0,0.0,0.0,0.0
1,CUB,correct,6,10491,12.54837417602539,14.576194763183594,13.56589126586914,0.0,0.0,0.0,0.0,0.0,0.0,0.0,0.0
1,CUB,correct,7,10491,14.57624053955078,16.72503662109375,15.634056091308594,0.0,0.0,0.0,0.0,0.0,0.0,0.0,0.0
1,CUB,correct,8,10491,16.725830078125,19.257980346679688,17.946434020996094,0.0,0.0,0.0,0.0,0.0,0.0,0.0,0.0
1,CUB,correct,9,10491,19.258590698242188,22.804851531982425,20.811267852783203,0.0,0.0,0.0,0.0,0.0,0.0,0.0,0.0
1,CUB,correct,10,10491,22.80514907836914,55.7277717590332,25.76684761047364,0.0,0.0,0.0,0.0,0.0,0.0,0.0,0.0
1,EuroSAT,wrong,1,4265,-35.290130615234375,-11.47039031982422,-14.119285583496094,0.0,0.0,0.0,0.0,0.0,0.0,0.0,0.0
1,EuroSAT,wrong,2,4265,-11.46961784362793,-8.705375671386719,-9.915279388427734,0.12661195779601406,0.09466180182033458,0.11753815132540898,0.023446658851113716,0.23446658851113714,0.11723329425556857,0.04689331770222743,0.21101992966002345
1,EuroSAT,wrong,3,4265,-8.70333480834961,-6.866111755371094,-7.721832275390625,1.1723329425556859,0.3007211099268619,0.37339457569606105,0.7971864009378663,1.3833528722157091,0.984759671746776,1.1488862837045721,1.5474794841735053
1,EuroSAT,wrong,4,4265,-6.865444183349609,-5.486572265625,-6.128154754638672,2.663540445486518,0.7329847074560573,0.9101207224821045,1.9460726846424383,3.7045720984759676,2.086752637749121,2.4853458382180538,3.0949589683470107
1,EuroSAT,wrong,5,4265,-5.486568450927734,-4.336112976074219,-4.884010314941406,6.851113716295427,0.9637974358342503,1.1967125776364909,6.283704572098476,7.643610785463071,5.603751465416178,6.776084407971863,7.948417350527549
1,EuroSAT,wrong,6,4265,-4.336032867431641,-3.334217071533203,-3.808629989624024,11.62485345838218,1.3304197039204793,1.6519342488589703,10.480656506447831,13.106682297772569,10.035169988276671,11.887456037514655,12.614302461899179
1,EuroSAT,wrong,7,4265,-3.334171295166016,-2.4442214965820312,-2.874496459960937,19.798358733880423,1.565808535277801,1.9442080863346143,18.968347010550996,20.984759671746776,17.491207502930834,20.281359906213364,21.26611957796014
1,EuroSAT,wrong,8,4265,-2.443927764892578,-1.592082977294922,-2.0118274688720703,29.83352872215709,1.8161401153327352,2.2550357969022894,28.39390386869871,30.644783118405627,27.432590855803046,31.113716295427903,31.582649472450175
1,EuroSAT,wrong,9,4264,-1.5915374755859375,-0.7716217041015625,-1.1824359893798828,39.90150093808631,1.5100348747561356,1.8749559400168236,39.02439024390244,39.75140712945591,37.94559099437148,41.55722326454034,41.228893058161354
1,EuroSAT,wrong,10,4264,-0.7715568542480469,-0.0001029968261718,-0.3876495361328125,52.20450281425891,1.4146336797865255,1.7564997108374407,50.891181988742964,52.3217636022514,50.703564727954976,53.98686679174484,53.11913696060038
1,EuroSAT,correct,1,6986,0.0003280639648437,1.2205276489257812,0.6192607879638672,33.88204981391355,1.3809075673269666,1.714623211197035,34.540509590609794,35.08445462353278,34.69796736329803,31.67764099627827,33.40967649584884
1,EuroSAT,correct,2,6986,1.220561981201172,2.414493560791016,1.8137264251708984,18.562839965645576,1.9995400276354969,2.4827568652823557,17.864300028628683,21.328371027769823,19.467506441454336,15.931863727454909,18.22215860292013
1,EuroSAT,correct,3,6985,2.41461181640625,3.6477317810058594,3.0291519165039062,8.804581245526126,1.39494859321538,1.732057447540525,8.446671438797424,10.909090909090908,8.561202576950608,7.043664996420902,9.062276306370794
1,EuroSAT,correct,4,6985,3.647785186767578,4.923679351806641,4.25311279296875,3.702219040801718,0.7436673356294548,0.9233849572912094,3.650680028632784,4.824624194702935,3.4645669291338583,2.7630637079455975,3.808160343593414
1,EuroSAT,correct,5,6985,4.923713684082031,6.352760314941406,5.614727020263672,1.4831782390837507,0.43099236779277095,0.5351477065888792,1.403006442376521,2.032927702219041,1.2741589119541876,0.9305654974946312,1.7752326413743735
1,EuroSAT,correct,6,6985,6.352943420410156,7.9361572265625,7.097728729248047,0.38940586972083036,0.1649183765535772,0.20477321080878857,0.31496062992125984,0.644237652111668,0.35790980672870437,0.20042949176807445,0.4294917680744453
1,EuroSAT,correct,7,6985,7.936376571655273,9.900981903076172,8.872833251953125,0.08017179670722978,0.06207439767696149,0.07707554480566646,0.02863278453829635,0.12884753042233357,0.07158196134574087,0.014316392269148175,0.15748031496062992
1,EuroSAT,correct,8,6985,9.9014892578125,12.459482192993164,11.058696746826172,0.00572655690765927,0.012804970522547116,0.015899470895907195,0.0,0.02863278453829635,0.0,0.0,0.0
1,EuroSAT,correct,9,6985,12.46038055419922,16.99174690246582,14.297910690307615,0.0,0.0,0.0,0.0,0.0,0.0,0.0,0.0
1,EuroSAT,correct,10,6985,16.99195098876953,56.23738861083984,22.222644805908203,0.0,0.0,0.0,0.0,0.0,0.0,0.0,0.0
1,ISIC,wrong,1,8056,-36.024627685546875,-13.540130615234377,-16.002714157104492,0.0,0.0,0.0,0.0,0.0,0.0,0.0,0.0
1,ISIC,wrong,2,8056,-13.54012680053711,-10.668472290039062,-11.87202262878418,0.0,0.0,0.0,0.0,0.0,0.0,0.0,0.0
1,ISIC,wrong,3,8056,-10.668025970458984,-8.765289306640625,-9.641351699829102,0.0,0.0,0.0,0.0,0.0,0.0,0.0,0.0
1,ISIC,wrong,4,8056,-8.76516342163086,-7.257282257080078,-7.965484619140625,0.0,0.0,0.0,0.0,0.0,0.0,0.0,0.0
1,ISIC,wrong,5,8056,-7.25726318359375,-5.936653137207031,-6.569736480712891,0.0,0.0,0.0,0.0,0.0,0.0,0.0,0.0
1,ISIC,wrong,6,8055,-5.936565399169922,-4.723690032958984,-5.313575744628906,0.014897579143389201,0.010386840801167916,0.012896966277884144,0.012414649286157667,0.024829298572315334,0.012414649286157667,0.024829298572315334,0.0
1,ISIC,wrong,7,8055,-4.723628997802734,-3.601654052734375,-4.160224914550781,0.03476101800124146,0.025442460002382615,0.03159098661069775,0.012414649286157667,0.024829298572315334,0.06207324643078833,0.06207324643078833,0.012414649286157667
1,ISIC,wrong,8,8055,-3.601646423339844,-2.459266662597656,-3.0239295959472656,0.4121663563004345,0.3009624409808107,0.3736942277773978,0.21104903786468032,0.6828057107386716,0.7945375543140907,0.19863438857852267,0.1738050900062073
1,ISIC,wrong,9,8055,-2.4589996337890625,-1.3016128540039062,-1.888641357421875,3.2054624456859093,1.838131269019654,2.2823414207143027,2.259466170080695,4.990689013035382,5.363128491620111,1.3283674736188702,2.085661080074488
1,ISIC,wrong,10,8055,-1.301361083984375,-5.340576171875e-05,-0.6650314331054688,22.582247051520795,3.0442988220817413,3.779996247153024,20.633147113594042,25.599006828057107,25.971446306641838,19.180633147113593,21.52700186219739
1,ISIC,correct,1,3195,3.0517578125e-05,0.5398750305175781,0.2675666809082031,40.851330203442885,3.138907199845473,3.8974680637507113,40.532081377151805,44.56964006259781,43.31768388106416,36.870109546165885,38.967136150234744
1,ISIC,correct,2,3195,0.5403480529785156,1.120565414428711,0.8159904479980469,20.638497652582164,5.957432207220513,7.397129093445297,18.65414710485133,27.261345852895147,26.572769953051644,14.115805946791863,16.588419405320813
1,ISIC,correct,3,3195,1.120697021484375,1.7422866821289062,1.4263038635253906,8.813771517996871,4.660363794388322,5.786605942024268,6.447574334898279,13.77151799687011,13.77151799687011,3.6932707355242567,6.384976525821597
1,ISIC,correct,4,3195,1.742450714111328,2.4563140869140625,2.0833663940429688,2.8106416275430357,2.0438448282012702,2.5377685410924746,1.5336463223787167,4.632237871674491,5.383411580594679,0.8763693270735524,1.6275430359937404
1,ISIC,correct,5,3195,2.4564285278320312,3.24979019165039,2.8351058959960938,0.5821596244131456,0.5820249899006112,0.7226794760144983,0.12519561815336464,1.0328638497652582,1.3771517996870108,0.18779342723004694,0.18779342723004694
1,ISIC,correct,6,3194,3.2501182556152344,4.186569213867188,3.6931304931640625,0.15028177833437698,0.12206379893311162,0.15156222461922772,0.06261740763932373,0.25046963055729493,0.31308703819661865,0.06261740763932373,0.06261740763932373
1,ISIC,correct,7,3194,4.186626434326172,5.317653656005859,4.706792831420898,0.025046963055729492,0.040821555448983395,0.050686655751681374,0.0,0.09392611145898559,0.031308703819661866,0.0,0.0
1,ISIC,correct,8,3194,5.317676544189453,6.905914306640625,6.018287658691406,0.0,0.0,0.0,0.0,0.0,0.0,0.0,0.0
1,ISIC,correct,9,3194,6.907192230224609,9.485614776611328,8.009381294250488,0.0,0.0,0.0,0.0,0.0,0.0,0.0,0.0
1,ISIC,correct,10,3194,9.48614501953125,36.22785186767578,11.979822158813477,0.0,0.0,0.0,0.0,0.0,0.0,0.0,0.0
5,CUB,wrong,1,239,-19.46419715881348,-5.191818237304688,-6.523231506347656,0.0,0.0,0.0,0.0,0.0,0.0,0.0,0.0
5,CUB,wrong,2,239,-5.180078506469727,-3.7127761840820312,-4.359626770019531,0.2510460251046025,0.5613559776150099,0.6970155075810358,0.0,0.0,0.0,0.0,1.2552301255230125
5,CUB,wrong,3,239,-3.708827972412109,-2.7467803955078125,-3.189926147460937,0.33472803347280333,0.7484746368200133,0.9293540101080479,0.0,0.0,0.0,0.0,1.6736401673640167
5,CUB,wrong,4,239,-2.73042106628418,-2.145448684692383,-2.4030990600585938,0.6694560669456067,1.0910799004523262,1.3547546315554002,0.8368200836820083,0.0,0.0,0.0,2.510460251046025
5,CUB,wrong,5,239,-2.1447677612304688,-1.667205810546875,-1.8971519470214844,2.1757322175732217,3.3914450425371454,4.211035211205007,2.510460251046025,0.0,0.0,0.41841004184100417,7.949790794979079
5,CUB,wrong,6,238,-1.6646080017089844,-1.2240219116210938,-1.4465160369873047,3.7815126050420167,4.744365458250511,5.890907783831162,5.46218487394958,0.0,0.42016806722689076,1.680672268907563,11.344537815126051
5,CUB,wrong,7,238,-1.2226409912109375,-0.8625564575195312,-1.0238628387451172,5.2100840336134455,5.750318916680013,7.139963977031642,8.823529411764707,0.0,0.8403361344537815,2.941176470588235,13.445378151260504
5,CUB,wrong,8,238,-0.86181640625,-0.54339599609375,-0.7059841156005859,12.689075630252102,8.780406829981908,10.902315050370973,17.647058823529413,4.621848739495799,4.201680672268908,12.184873949579831,24.789915966386555
5,CUB,wrong,9,238,-0.5432548522949219,-0.2697944641113281,-0.4108734130859375,21.008403361344538,10.17553028429608,12.634589616642556,23.949579831932773,10.92436974789916,11.344537815126051,23.52941176470588,35.294117647058826
5,CUB,wrong,10,238,-0.2659950256347656,-0.0029678344726562,-0.13225364685058588,37.81512605042017,3.952707504669491,4.907934603977943,37.81512605042017,31.092436974789916,39.075630252100844,39.91596638655462,41.17647058823529
5,CUB,correct,1,11012,0.0002021789550781,5.888813018798828,3.723867416381836,2.7206683617871414,1.8525534530478296,2.3002489273975573,3.142026879767526,1.3439883763167455,1.2713403559752998,2.0977115873592447,5.748274609516891
5,CUB,correct,2,11012,5.889032363891602,8.912467956542969,7.516075134277344,0.0,0.0,0.0,0.0,0.0,0.0,0.0,0.0
5,CUB,correct,3,11012,8.913169860839844,11.163047790527344,10.085321426391602,0.0,0.0,0.0,0.0,0.0,0.0,0.0,0.0
5,CUB,correct,4,11012,11.163143157958984,13.12961196899414,12.16877555847168,0.0,0.0,0.0,0.0,0.0,0.0,0.0,0.0
5,CUB,correct,5,11012,13.129837036132812,14.950305938720703,14.04794692993164,0.0,0.0,0.0,0.0,0.0,0.0,0.0,0.0
5,CUB,correct,6,11011,14.950340270996094,16.692138671875,15.820743560791016,0.0,0.0,0.0,0.0,0.0,0.0,0.0,0.0
5,CUB,correct,7,11011,16.692228317260742,18.486705780029297,17.563312530517578,0.0,0.0,0.0,0.0,0.0,0.0,0.0,0.0
5,CUB,correct,8,11011,18.48747634887696,20.58224868774414,19.4896240234375,0.0,0.0,0.0,0.0,0.0,0.0,0.0,0.0
5,CUB,correct,9,11011,20.582448959350582,23.41645812988281,21.82636070251465,0.0,0.0,0.0,0.0,0.0,0.0,0.0,0.0
5,CUB,correct,10,11011,23.416547775268555,39.76633071899414,25.76535987854004,0.0,0.0,0.0,0.0,0.0,0.0,0.0,0.0
5,EuroSAT,wrong,1,1940,-23.662845611572266,-6.553314208984375,-8.272748947143555,0.010309278350515465,0.023052247190719487,0.02862314541441025,0.051546391752577324,0.0,0.0,0.0,0.0
5,EuroSAT,wrong,2,1940,-6.552944183349609,-4.754360198974609,-5.490421295166016,0.16494845360824742,0.1836961822804687,0.2280889361451342,0.30927835051546393,0.051546391752577324,0.0,0.051546391752577324,0.4123711340206186
5,EuroSAT,wrong,3,1939,-4.753208160400391,-3.6768760681152335,-4.163219451904297,0.6601340897369778,0.7747970713440364,0.9620376294016033,0.9283135636926251,0.2062919030428056,0.1031459515214028,0.15471892728210418,1.9082001031459517
5,EuroSAT,wrong,4,1939,-3.676593780517578,-2.873117446899414,-3.2391719818115234,1.970087674058793,1.5922608163317349,1.9770529313896512,2.888086642599278,0.8767405879319237,0.6188757091284167,1.1346054667354306,4.332129963898916
5,EuroSAT,wrong,5,1939,-2.873006820678711,-2.233722686767578,-2.5191879272460938,4.703455389375967,2.588018048491769,3.213448837513793,6.395048994326973,3.145951521402785,2.320783909231563,3.2490974729241873,8.406395048994327
5,EuroSAT,wrong,6,1939,-2.233707427978516,-1.6812248229980469,-1.946796417236328,8.251676121712222,4.036388526566726,5.011838316200641,11.655492521918514,5.415162454873646,4.43527591542032,6.29190304280557,13.460546673543064
5,EuroSAT,wrong,7,1939,-1.6810054779052734,-1.2019195556640625,-1.4382400512695312,14.440433212996387,4.2940503261201215,5.331767696418487,17.328519855595665,11.242908715832904,10.056730273336772,13.254254770500257,20.31975244971635
5,EuroSAT,wrong,8,1939,-1.201690673828125,-0.7705078125,-0.9771003723144532,22.052604435275917,4.941676141947084,6.1359013562381675,26.766374419804023,17.586384734399175,17.43166580711707,20.732336255801957,27.746260959257352
5,EuroSAT,wrong,9,1939,-0.7704124450683594,-0.3683891296386719,-0.5687084197998047,30.974729241877252,3.2005592080620757,3.9740191427702296,34.29602888086642,28.46828261990717,28.004125838060855,29.551315110881898,34.55389375966993
5,EuroSAT,wrong,10,1939,-0.3680591583251953,-0.0004158020019531,-0.1872196197509765,43.455389375966995,0.8352593314042561,1.0371114409684115,44.094894275399696,43.372872614749866,44.4043321299639,43.115007735946364,42.28984012377514
5,EuroSAT,correct,1,9311,2.288818359375e-05,1.4967880249023438,0.7886810302734375,26.834926431102996,6.473630507412391,8.038073938727532,30.58747717753195,21.0718504994093,20.824830845236818,25.743743958758458,35.94672967457846
5,EuroSAT,correct,2,9311,1.496807098388672,2.7454051971435547,2.13223648071289,6.194823327247341,5.176045472792585,6.426909316632133,8.38792825690044,2.105037052948126,1.9761572333798734,4.29599398560842,14.209000107399849
5,EuroSAT,correct,3,9311,2.74576187133789,3.8851451873779297,3.327739715576172,1.585221780689507,1.9786888473647322,2.456866705420091,1.911717323595747,0.1933197293523789,0.214799699280421,0.7088390076253893,4.897433143593599
5,EuroSAT,correct,4,9311,3.885400772094727,4.995738983154297,4.441738128662109,0.36515948877671567,0.588596250881528,0.7308387741973038,0.35441950381269466,0.0,0.0,0.0859198797121684,1.3854580603587154
5,EuroSAT,correct,5,9311,4.995885848999023,6.134960174560547,5.551214218139648,0.10525185264740629,0.18991864975948897,0.23581514999382744,0.07517989474814735,0.0,0.0,0.01073998496402105,0.44033938352486307
5,EuroSAT,correct,6,9311,6.13511848449707,7.359554290771484,6.7302093505859375,0.01073998496402105,0.0240153364568767,0.029818978683254144,0.0,0.0,0.0,0.0,0.05369992482010525
5,EuroSAT,correct,7,9311,7.359600067138672,8.756397247314453,8.016103744506836,0.0,0.0,0.0,0.0,0.0,0.0,0.0,0.0
5,EuroSAT,correct,8,9311,8.75642204284668,10.594152450561523,9.589519500732422,0.0,0.0,0.0,0.0,0.0,0.0,0.0,0.0
5,EuroSAT,correct,9,9310,10.594305038452148,13.952276229858398,11.887990474700928,0.0,0.0,0.0,0.0,0.0,0.0,0.0,0.0
5,EuroSAT,correct,10,9310,13.953085899353027,40.48293685913086,17.54161548614502,0.0,0.0,0.0,0.0,0.0,0.0,0.0,0.0
5,ISIC,wrong,1,6872,-22.031782150268555,-6.857563018798828,-8.30031967163086,0.0,0.0,0.0,0.0,0.0,0.0,0.0,0.0
5,ISIC,wrong,2,6872,-6.857089996337891,-5.294025421142578,-5.954349517822266,0.0,0.0,0.0,0.0,0.0,0.0,0.0,0.0
5,ISIC,wrong,3,6872,-5.2939453125,-4.2757110595703125,-4.742844581604004,0.0,0.0,0.0,0.0,0.0,0.0,0.0,0.0
5,ISIC,wrong,4,6872,-4.275302886962891,-3.488128662109375,-3.8596792221069336,0.011641443538998836,0.026031059109427122,0.0323218289312898,0.0,0.0,0.0,0.0,0.05820721769499418
5,ISIC,wrong,5,6872,-3.488088607788086,-2.817333221435547,-3.140812873840332,0.046565774155995346,0.08875407847483646,0.11020274393595607,0.02910360884749709,0.0,0.0,0.0,0.2037252619324796
5,ISIC,wrong,6,6872,-2.8173179626464844,-2.208454132080078,-2.5051326751708984,0.15715948777648428,0.3049636064593652,0.37866233090297463,0.08731082654249127,0.0,0.0,0.0,0.6984866123399301
5,ISIC,wrong,7,6872,-2.2083282470703125,-1.643270492553711,-1.925065994262695,0.6664726426076835,1.1758362234026052,1.459993506382893,0.509313154831199,0.0,0.0,0.08731082654249127,2.7357392316647267
5,ISIC,wrong,8,6871,-1.643207550048828,-1.094512939453125,-1.3664703369140625,2.136515791005676,3.113117656134182,3.865446115794299,2.9835540678212777,0.043661766846165045,0.014553922282055013,0.3929559016154853,7.247853296463397
5,ISIC,wrong,9,6871,-1.0944137573242188,-0.5533275604248047,-0.8271617889404297,6.808324843545336,7.159652628162934,8.889882908034876,10.65347111046427,0.6549265026924757,0.8150196477950807,4.5553776742832195,17.36282928249163
5,ISIC,wrong,10,6871,-0.5532798767089844,-1.52587890625e-05,-0.2834701538085937,25.90307087760151,6.454786770754665,8.014676349328,30.752437781982245,18.41071168679959,20.477368650851403,26.400815019647794,33.47402124872653
5,ISIC,correct,1,4379,1.1444091796875e-05,0.363189697265625,0.1823234558105468,38.5110755880338,9.252697897379608,11.488741865431926,45.855218086321074,29.938342087234528,28.61383877597625,38.82164877825988,49.32633021237726
5,ISIC,correct,2,4379,0.363382339477539,0.7250213623046875,0.5400581359863281,17.300753596711576,13.850957492403678,17.198235258968335,27.44918931262845,4.567252797442339,4.064854989723681,15.163279287508564,35.25919159625485
5,ISIC,correct,3,4379,0.7250595092773438,1.113628387451172,0.9232254028320312,8.047499429093401,9.70492321753592,12.05025376454619,12.537108928979219,0.2740351678465403,0.20552637588490524,4.3160538935830095,22.904772779173328
5,ISIC,correct,4,4378,1.1137542724609375,1.533977508544922,1.3154163360595703,3.417085427135679,4.902693719673915,6.087498285938798,4.59113750571037,0.02284148012791229,0.0,0.9593421653723162,11.512105984467794
5,ISIC,correct,5,4378,1.5341033935546875,2.00091552734375,1.7657432556152344,1.8136135221562355,3.0632119604998316,3.8034800102198116,1.8730013704888075,0.0,0.0,0.09136592051164916,7.103700319780722
5,ISIC,correct,6,4378,2.0011520385742188,2.529603958129883,2.2479496002197266,0.5756052992233898,1.1055606728959255,1.3727348853647987,0.3426222019186843,0.0,0.0,0.0,2.535404294198264
5,ISIC,correct,7,4378,2.5299072265625,3.1526126861572266,2.8261375427246094,0.1827318410232983,0.35970798876253135,0.44663645951271935,0.09136592051164916,0.0,0.0,0.0,0.8222932846048424
5,ISIC,correct,8,4378,3.152667999267578,3.977304458618164,3.520906448364258,0.04568296025582458,0.08992699719063284,0.11165911487817984,0.02284148012791229,0.0,0.0,0.0,0.2055733211512106
5,ISIC,correct,9,4378,3.97747802734375,5.2232208251953125,4.509420394897461,0.0,0.0,0.0,0.0,0.0,0.0,0.0,0.0
5,ISIC,correct,10,4378,5.223747253417969,15.62458610534668,6.342439651489258,0.0,0.0,0.0,0.0,0.0,0.0,0.0,0.0
