shot,dataset,comparator,mean_pp,sd_pp,ci95_halfwidth_pp,lower_pp,upper_pp,positive_runs,p_unadjusted
1,CUB,ProtoNet,0.21031106869379812,0.03821499109479612,0.047450178634085786,0.16286089005971233,0.2577612473278839,5,0.0002505051187312761
1,CUB,Support-only Transformer,-0.11093334118524752,0.0821787630160757,0.10203841145398017,-0.21297175263922768,-0.008894929731267348,0,0.03922201187754108
1,EuroSAT,ProtoNet,2.0684444999694778,0.5022143499129921,0.62358147766827,1.4448630223012078,2.6920259776377478,5,0.0007723329429210727
1,EuroSAT,Support-only Transformer,1.1388444618384042,0.875546876675471,1.0871350355076832,0.05170942633072095,2.2259794973460876,4,0.04374352163804188
1,ISIC,ProtoNet,-0.21848886867364214,0.11316572937861709,0.14051381199989887,-0.359002680673541,-0.07797505667374327,0,0.01247520247328035
1,ISIC,Support-only Transformer,0.1651555631558111,0.15262820843621747,0.18951295152559125,-0.02435738836978016,0.35466851468140237,4,0.07279461173627935
5,CUB,ProtoNet,-0.0887110710144043,0.10607684354396035,0.13171179767162897,-0.22042286868603328,0.04300072665722467,0,0.1348306866941016
5,CUB,Support-only Transformer,-0.018666608333589352,0.0813466462441139,0.10100520201593367,-0.11967181034952303,0.08233859368234432,3,0.6349127875593935
5,EuroSAT,ProtoNet,-0.7212444647153291,0.8384316680913612,1.0410504172229709,-1.7622948819383,0.31980595250764177,0,0.1267548660300315
5,EuroSAT,Support-only Transformer,0.5806222295761045,0.7933485807430628,0.985072370734713,-0.40445014115860844,1.5656946003108176,4,0.17707705398783208
5,ISIC,ProtoNet,-0.5383111250400546,0.5252181332360968,0.6521444472430492,-1.1904555722831038,0.11383332220299458,1,0.0836900537750539
5,ISIC,Support-only Transformer,0.99395559291045,0.13476769834170302,0.16733619915167774,0.8266193937587722,1.1612917920621277,5,7.916177007141132e-05
