shot,dataset,training_seed,n_queries,pn_errors,pn_successes,rescued,broken,rescue_rate_percent,break_rate_percent,rescued_per100,broken_per100,net_pp
1,CUB,0,112500,7588,104912,940,697,12.38798102266737,0.6643663260637487,0.8355555555555555,0.6195555555555555,0.216
1,CUB,1,112500,7588,104912,1146,925,15.102793885081708,0.8816913222510294,1.0186666666666666,0.8222222222222223,0.19644444444444445
1,CUB,2,112500,7588,104912,1217,962,16.038481813389563,0.9169589751410707,1.081777777777778,0.8551111111111112,0.22666666666666668
1,CUB,3,112500,7588,104912,881,591,11.610437532946758,0.5633292664328199,0.7831111111111112,0.5253333333333333,0.2577777777777778
1,CUB,4,112500,7588,104912,910,736,11.992619926199263,0.7015403385694677,0.8088888888888889,0.6542222222222221,0.15466666666666667
1,EuroSAT,0,112500,42648,69852,6687,4628,15.679516038266742,6.625436637462062,5.944,4.113777777777778,1.8302222222222224
1,EuroSAT,1,112500,42648,69852,7240,5238,16.976177077471394,7.498711561587356,6.435555555555555,4.656,1.7795555555555553
1,EuroSAT,2,112500,42648,69852,6499,4743,15.23869818045395,6.790070434633225,5.776888888888889,4.216,1.560888888888889
1,EuroSAT,3,112500,42648,69852,7219,4091,16.92693678484337,5.85666838458455,6.416888888888889,3.6364444444444444,2.7804444444444445
1,EuroSAT,4,112500,42648,69852,7361,4671,17.259894954042394,6.686995361621714,6.543111111111111,4.152,2.3911111111111114
1,ISIC,0,112500,80555,31945,1863,2152,2.3127056048662404,6.7365784942870555,1.656,1.9128888888888889,-0.2568888888888889
1,ISIC,1,112500,80555,31945,2523,2927,3.132021600148967,9.162623258725935,2.2426666666666666,2.601777777777778,-0.35911111111111116
1,ISIC,2,112500,80555,31945,2594,2900,3.2201601390354417,9.078102989513226,2.3057777777777777,2.577777777777778,-0.272
1,ISIC,3,112500,80555,31945,1675,1783,2.0793246849978275,5.581468148380028,1.488888888888889,1.5848888888888888,-0.096
1,ISIC,4,112500,80555,31945,1917,2039,2.379740549934827,6.3828455157301605,1.704,1.8124444444444443,-0.10844444444444445
5,CUB,0,112500,2385,110115,231,346,9.685534591194969,0.31421695500158925,0.2053333333333333,0.3075555555555556,-0.10222222222222223
5,CUB,1,112500,2385,110115,111,148,4.654088050314465,0.13440494028969713,0.09866666666666667,0.13155555555555554,-0.032888888888888884
5,CUB,2,112500,2385,110115,133,140,5.576519916142558,0.12713980838214592,0.11822222222222223,0.12444444444444445,-0.006222222222222222
5,CUB,3,112500,2385,110115,192,231,8.050314465408805,0.2097806838305408,0.17066666666666666,0.2053333333333333,-0.034666666666666665
5,CUB,4,112500,2385,110115,332,633,13.920335429769393,0.5748535621849884,0.2951111111111111,0.5626666666666666,-0.26755555555555555
5,EuroSAT,0,112500,19392,93108,2806,3847,14.469884488448844,4.131760965760193,2.494222222222222,3.4195555555555557,-0.9253333333333333
5,EuroSAT,1,112500,19392,93108,2140,2176,11.035478547854785,2.3370709283842417,1.9022222222222223,1.9342222222222223,-0.032
5,EuroSAT,2,112500,19392,93108,2082,2143,10.736386138613861,2.301628216694591,1.8506666666666667,1.9048888888888889,-0.05422222222222223
5,EuroSAT,3,112500,19392,93108,2279,2872,11.752268976897689,3.0845899385659665,2.025777777777778,2.552888888888889,-0.5271111111111111
5,EuroSAT,4,112500,19392,93108,2975,5301,15.341377887788779,5.693388323237531,2.6444444444444444,4.712000000000001,-2.0675555555555554
5,ISIC,0,112500,68717,43783,3093,4062,4.501069604319164,9.277573487426627,2.7493333333333334,3.610666666666667,-0.8613333333333334
5,ISIC,1,112500,68717,43783,1313,1524,1.9107353347788756,3.4808030514126487,1.1671111111111112,1.3546666666666667,-0.18755555555555556
5,ISIC,2,112500,68717,43783,1464,1440,2.1304771744983046,3.288947765114314,1.3013333333333332,1.28,0.021333333333333333
5,ISIC,3,112500,68717,43783,2160,2599,3.1433269787679907,5.936093917730626,1.92,2.3102222222222224,-0.39022222222222225
5,ISIC,4,112500,68717,43783,4245,5678,6.177510659662092,12.968503757166022,3.7733333333333334,5.0471111111111115,-1.273777777777778
