dataset,shot,metric,mean,training_seed_sd,training_seed_ci95,n_training_seeds,positive_runs,negative_runs
CUB,1,wipt_minus_protonet_pp,0.2103111111111189,0.0382149863952006,0.0474501727987673,5,5,0
CUB,1,rescue_rate_percent,13.426462836056931,2.0040600535099173,2.4883692186815733,5,5,0
CUB,1,break_rate_percent,0.7455772456916272,0.1497059848722748,0.185884531731541,5,5,0
CUB,1,net_correct_change,236.6,42.991859694598,53.38144439860981,5,5,0
EuroSAT,1,wipt_minus_protonet_pp,2.0684444444444408,0.502214355887269,0.6235814850863146,5,5,0
EuroSAT,1,rescue_rate_percent,16.41624460701557,0.8965853766823446,1.1132577835424278,5,5,0
EuroSAT,1,break_rate_percent,6.691576475977781,0.5836598093571103,0.7247093724771962,5,5,0
EuroSAT,1,net_correct_change,2327.0,564.9911503731718,701.5291707220965,5,5,0
ISIC,1,wipt_minus_protonet_pp,-0.2184888888888885,0.1131657148271749,0.140513793931897,5,0,5
ISIC,1,rescue_rate_percent,2.6247905157966605,0.5164125800116365,0.6412109088199698,5,5,0
ISIC,1,break_rate_percent,7.3883236813272815,1.6358467339573075,2.031171996134,5,5,0
ISIC,1,net_correct_change,-245.8,127.3114291805728,158.07801817338537,5,0,5
CUB,5,wipt_minus_protonet_pp,-0.0887111111111096,0.1060768880239173,0.1317118529007902,5,0,5
CUB,5,rescue_rate_percent,8.377358490566039,3.6827406691354754,4.57272650358636,5,5,0
CUB,5,break_rate_percent,0.2720791899377923,0.1852637572080343,0.2300353374971793,5,5,0
CUB,5,net_correct_change,-99.8,119.33649902691128,148.17583451339428,5,0,5
EuroSAT,5,wipt_minus_protonet_pp,-0.7212444444444429,0.8384315986882975,1.0410503310476853,5,0,5
EuroSAT,5,rescue_rate_percent,12.667079207920793,2.099318610241528,2.606648339096065,5,5,0
EuroSAT,5,break_rate_percent,3.5096876745285046,1.4292191465059203,1.7746099597599123,5,5,0
EuroSAT,5,net_correct_change,-811.4,943.2355485243334,1171.1816224286442,5,0,5
ISIC,5,wipt_minus_protonet_pp,-0.5383111111111063,0.5252181110715158,0.652144419722087,5,1,4
ISIC,5,rescue_rate_percent,3.5726239504052857,1.7799861715894625,2.2101447465631834,5,5,0
ISIC,5,break_rate_percent,6.990384395770048,4.126089789243456,5.123217144659756,5,5,0
ISIC,5,net_correct_change,-605.6,590.8703749554551,733.6624721873476,5,1,4
