dataset,shot,margin_bin,n_queries_per_training_seed,median_protonet_margin,protonet_accuracy,mean_wipt_accuracy,mean_wipt_minus_protonet_pp,training_seed_sd_pp,training_seed_ci95_pp,n_training_seeds,positive_runs,negative_runs,zero_runs
CUB,5,1,5625,0.4406242370605469,57.599999999999994,56.01777777777778,-1.5822222222222222,1.7413603310254706,2.162184430934516,5,0,5,0
CUB,5,2,5625,3.9782676696777344,100.0,99.81511111111111,-0.18488888888888888,0.38430440609393207,0.4771769453979147,5,0,2,3
CUB,5,3,5625,6.104263305664063,100.0,99.99288888888888,-0.0071111111111111115,0.015900927839998507,0.01974360963696209,5,0,1,4
CUB,5,4,5625,7.735622406005859,100.0,100.0,0.0,0.0,0.0,5,0,0,5
CUB,5,5,5625,9.128063201904297,100.0,100.0,0.0,0.0,0.0,5,0,0,5
CUB,5,6,5625,10.297691345214844,100.0,100.0,0.0,0.0,0.0,5,0,0,5
CUB,5,7,5625,11.378215789794922,100.0,100.0,0.0,0.0,0.0,5,0,0,5
CUB,5,8,5625,12.38897705078125,100.0,100.0,0.0,0.0,0.0,5,0,0,5
CUB,5,9,5625,13.37372589111328,100.0,100.0,0.0,0.0,0.0,5,0,0,5
CUB,5,10,5625,14.29964828491211,100.0,100.0,0.0,0.0,0.0,5,0,0,5
CUB,5,11,5625,15.21450424194336,100.0,100.0,0.0,0.0,0.0,5,0,0,5
CUB,5,12,5625,16.09649658203125,100.0,100.0,0.0,0.0,0.0,5,0,0,5
CUB,5,13,5625,16.987415313720703,100.0,100.0,0.0,0.0,0.0,5,0,0,5
CUB,5,14,5625,17.895523071289062,100.0,100.0,0.0,0.0,0.0,5,0,0,5
CUB,5,15,5625,18.85468292236328,100.0,100.0,0.0,0.0,0.0,5,0,0,5
CUB,5,16,5625,19.914953231811523,100.0,100.0,0.0,0.0,0.0,5,0,0,5
CUB,5,17,5625,21.069801330566406,100.0,100.0,0.0,0.0,0.0,5,0,0,5
CUB,5,18,5625,22.487211227416992,100.0,100.0,0.0,0.0,0.0,5,0,0,5
CUB,5,19,5625,24.38015937805176,100.0,100.0,0.0,0.0,0.0,5,0,0,5
CUB,5,20,5625,27.684799194335938,100.0,100.0,0.0,0.0,0.0,5,0,0,5
