dataset,model,training_seed,accuracy,episode_ci95,n_episodes
CUB,ProtoNet,fixed,97.8800012230873,0.16684413758383507,1500
CUB,WIPT,0.0,97.78577906688055,0.16895554281421477,1500
CUB,Support-only Transformer,0.0,97.80000121196112,0.1821312431728036,1500
CUB,WIPT,1.0,97.80444569985072,0.1692828995999692,1500
CUB,Support-only Transformer,1.0,97.77689009904861,0.1816114321909193,1500
CUB,WIPT,2.0,97.80533461968103,0.17025164685322794,1500
CUB,Support-only Transformer,2.0,97.73511236508688,0.18445572099008686,1500
CUB,WIPT,3.0,97.81777908802033,0.16755382392080187,1500
CUB,Support-only Transformer,3.0,97.78577902317048,0.18285548318616965,1500
CUB,WIPT,4.0,97.83200126489004,0.168098609618994,1500
CUB,Support-only Transformer,4.0,97.71377904017767,0.18331666665487004,1500
EuroSAT,ProtoNet,fixed,82.76266862154007,0.32521019871377826,1500
EuroSAT,WIPT,0.0,81.59200185934702,0.34200065800238805,1500
EuroSAT,Support-only Transformer,0.0,81.45155745347341,0.3409985526200664,1500
EuroSAT,WIPT,1.0,81.47733521461487,0.33958514426145137,1500
EuroSAT,Support-only Transformer,1.0,81.02044626077016,0.3504352196704154,1500
EuroSAT,WIPT,2.0,81.12800196409225,0.3446233278065817,1500
EuroSAT,Support-only Transformer,2.0,80.0053352077802,0.36187402949061137,1500
EuroSAT,WIPT,3.0,82.20533521175385,0.3335974380785068,1500
EuroSAT,Support-only Transformer,3.0,81.61866851647694,0.33929791691889305,1500
EuroSAT,WIPT,4.0,81.711113011837,0.3364404191275236,1500
EuroSAT,Support-only Transformer,4.0,79.93955735762914,0.36923959361940295,1500
ISIC,ProtoNet,fixed,38.91822307507197,0.3453724693973751,1500
ISIC,WIPT,0.0,38.028445305426914,0.3428245947812892,1500
ISIC,Support-only Transformer,0.0,37.140445267160736,0.3398672319775393,1500
ISIC,WIPT,1.0,38.3128897190094,0.34576267571981495,1500
ISIC,Support-only Transformer,1.0,36.53688966532548,0.3391030779413809,1500
ISIC,WIPT,2.0,38.038223066926,0.34479225090914595,1500
ISIC,Support-only Transformer,2.0,36.291556321581204,0.3323424805844096,1500
ISIC,WIPT,3.0,38.34844530125459,0.342320276491625,1500
ISIC,Support-only Transformer,3.0,37.653334112962085,0.3409468499115478,1500
ISIC,WIPT,4.0,38.18133421738943,0.34294390859340296,1500
ISIC,Support-only Transformer,4.0,35.930667441089945,0.3327976087465615,1500
