dataset,model,mean_accuracy,training_seed_sd,training_seed_ci95,n_training_seeds,min_accuracy,max_accuracy
CUB,ProtoNet,97.8800012230873,,,0,97.8800012230873,97.8800012230873
CUB,WIPT,97.80906794786452,0.017171894814778935,0.021321723572452895,5,97.78577906688055,97.83200126489004
CUB,Support-only Transformer,97.76231234788895,0.03632825062717333,0.045107480921484436,5,97.71377904017767,97.80000121196112
EuroSAT,ProtoNet,82.76266862154007,,,0,82.76266862154007,82.76266862154007
EuroSAT,WIPT,81.62275745232901,0.39181630821543545,0.486504203820216,5,81.12800196409225,82.20533521175385
EuroSAT,Support-only Transformer,80.80711295922598,0.792928513611723,0.9845507885008998,5,79.93955735762914,81.61866851647694
ISIC,ProtoNet,38.91822307507197,,,0,38.91822307507197,38.91822307507197
ISIC,WIPT,38.18186752200127,0.14923753136868262,0.18530286988129813,5,38.028445305426914,38.34844530125459
ISIC,Support-only Transformer,36.71057856162389,0.6869465482096021,0.8529567976022093,5,35.930667441089945,37.653334112962085
