dataset,query_group_size,mean_accuracy,training_seed_sd,training_seed_ci95,n_training_seeds,mean_best_epoch
CUB,1,93.46542420546214,0.03821499109479459,0.04745017863408389,5,
CUB,3,93.50489088217418,0.08158672795781395,0.10130330283646209,5,
CUB,5,93.51537976980208,0.08973243023497483,0.11141752809409917,5,
EuroSAT,1,64.15911248087882,0.5022143499129921,0.62358147766827,5,
EuroSAT,3,63.96711248914401,0.8393396650532483,1.0421778443610243,5,
EuroSAT,5,63.99964583595594,0.8469109349646178,1.0515788176306553,5,
ISIC,1,28.177067265311877,0.11316572937861709,0.14051381199989887,5,
ISIC,3,28.074489473303156,0.20335692509937622,0.25250097268131483,5,
ISIC,5,28.085511698722836,0.19305822232494868,0.23971344421810697,5,
