dataset,category,severity,comparison,mean_difference_pp,training_seed_sd_pp,training_seed_ci95_pp,n_training_seeds,positive_runs,negative_runs
EuroSAT,clean,0,WIPT - ProtoNet,-0.6728000104427394,0.8335464874723911,1.0349846643236729,5,1,4
EuroSAT,clean,0,WIPT - Support-only Transformer,0.6312000513076782,0.8051466201298358,0.9997215714906592,5,4,1
EuroSAT,A_structured,1,WIPT - ProtoNet,-0.8088001477718307,0.8199147011461793,1.0180585660112094,5,0,5
EuroSAT,A_structured,1,WIPT - Support-only Transformer,0.3805333268642471,0.7938024478531671,0.9856359211852984,5,3,2
EuroSAT,A_structured,2,WIPT - ProtoNet,-1.0213333046436361,0.9084643784885448,1.1280075124197841,5,0,5
EuroSAT,A_structured,2,WIPT - Support-only Transformer,0.8138666892051674,0.6385000374947839,0.7928025094090266,5,5,0
EuroSAT,A_structured,3,WIPT - ProtoNet,-0.8482666426897112,0.9274109251075315,1.1515327572468692,5,0,5
EuroSAT,A_structured,3,WIPT - Support-only Transformer,1.5384000742435462,0.5731072538864972,0.7116066442602877,5,5,0
EuroSAT,A_structured,4,WIPT - ProtoNet,-0.6095999234914757,0.8357785243745961,1.037756104187803,5,2,3
EuroSAT,A_structured,4,WIPT - Support-only Transformer,2.535466715693471,1.1509812420794865,1.4291319708979495,5,5,0
EuroSAT,A_structured,5,WIPT - ProtoNet,-0.058933382630350195,0.5984798589741344,0.7431108945382485,5,2,3
EuroSAT,A_structured,5,WIPT - Support-only Transformer,2.544266624450684,1.6189320226674278,2.010169608085345,5,5,0
EuroSAT,B_stochastic,1,WIPT - ProtoNet,-0.3856000000238481,0.6581457556539213,0.8171958903660855,5,2,3
EuroSAT,B_stochastic,1,WIPT - Support-only Transformer,1.583200029134747,0.6617118958607061,0.8216238382733971,5,5,0
EuroSAT,B_stochastic,2,WIPT - ProtoNet,-0.17253336191177482,0.4501699791371759,0.5589598561667709,5,2,3
EuroSAT,B_stochastic,2,WIPT - Support-only Transformer,2.316266725659369,0.3260135393576439,0.4047992747473723,5,5,0
EuroSAT,B_stochastic,3,WIPT - ProtoNet,-0.1552000570297281,0.2614874563929145,0.3246795605849586,5,1,4
EuroSAT,B_stochastic,3,WIPT - Support-only Transformer,3.318933455348014,0.3065222033931904,0.3805975846034162,5,5,0
EuroSAT,B_stochastic,4,WIPT - ProtoNet,0.07626672923564826,0.06904045072971669,0.08572504209085001,5,4,1
EuroSAT,B_stochastic,4,WIPT - Support-only Transformer,3.0965333586931236,0.2288145868414152,0.284110834744854,5,5,0
EuroSAT,B_stochastic,5,WIPT - ProtoNet,0.2618666905164716,0.361968231554322,0.4494429216144854,5,4,1
EuroSAT,B_stochastic,5,WIPT - Support-only Transformer,3.1010667526721947,0.3139616188290572,0.38983483891781334,5,5,0
EuroSAT,C_combined,1,WIPT - ProtoNet,0.04346670866013369,0.39208343522684336,0.4868358858132289,5,3,2
EuroSAT,C_combined,1,WIPT - Support-only Transformer,2.2501334553957006,0.31878326724947625,0.3958217061734437,5,5,0
EuroSAT,C_combined,2,WIPT - ProtoNet,-0.09760006487369424,0.18268462959673146,0.22683292759545126,5,2,3
EuroSAT,C_combined,2,WIPT - Support-only Transformer,2.1613333356380453,0.4082701557019789,0.5069343538761925,5,5,0
EuroSAT,C_combined,3,WIPT - ProtoNet,-0.26240008860826264,0.19112161195046468,0.2373088248375623,5,0,5
EuroSAT,C_combined,3,WIPT - Support-only Transformer,2.496000060141088,0.37612886395400663,0.46702566905697146,5,5,0
EuroSAT,C_combined,4,WIPT - ProtoNet,0.7496000438928618,0.3779716831453619,0.4693138313020764,5,5,0
EuroSAT,C_combined,4,WIPT - Support-only Transformer,4.456000163257123,1.7824490872556973,2.213202860276559,5,5,0
EuroSAT,C_combined,5,WIPT - ProtoNet,1.017066671848299,0.4107569374567006,0.5100221012524203,5,5,0
EuroSAT,C_combined,5,WIPT - Support-only Transformer,0.9277333498001106,0.5765370878980465,0.7158653456722434,5,5,0
