dataset,category,severity,model,training_seed,accuracy,episode_ci95,n_episodes
EuroSAT,clean,0,ProtoNet,fixed,82.61600195765496,0.40022422860829104,1000
EuroSAT,clean,0,WIPT,0,81.74133519530297,0.4152620011892313,1000
EuroSAT,clean,0,Support-only Transformer,0,81.3000019311905,0.42213601188266947,1000
EuroSAT,clean,0,WIPT,1,82.64800200462341,0.4062028509012376,1000
EuroSAT,clean,0,Support-only Transformer,1,81.23066855072975,0.4213635944300378,1000
EuroSAT,clean,0,WIPT,2,82.57866872549057,0.4085341640224089,1000
EuroSAT,clean,0,Support-only Transformer,2,81.43600189685822,0.41975430877453457,1000
EuroSAT,clean,0,WIPT,3,82.14533525705338,0.41691941244535574,1000
EuroSAT,clean,0,Support-only Transformer,3,81.33866854310035,0.4256647227100437,1000
EuroSAT,clean,0,WIPT,4,80.60266855359077,0.43545899660440557,1000
EuroSAT,clean,0,Support-only Transformer,4,81.2546685576439,0.4267036504738553,1000
EuroSAT,A_structured,1,ProtoNet,fixed,81.70000200271606,0.40983508424610765,1000
EuroSAT,A_structured,1,WIPT,0,80.65333523154258,0.43112173050187513,1000
EuroSAT,A_structured,1,Support-only Transformer,0,80.72533518671989,0.42956622292245017,1000
EuroSAT,A_structured,1,WIPT,1,81.62533514499664,0.4217039052255377,1000
EuroSAT,A_structured,1,Support-only Transformer,1,80.4386685848236,0.43020785834910097,1000
EuroSAT,A_structured,1,WIPT,2,81.57333528399468,0.4291007612548281,1000
EuroSAT,A_structured,1,Support-only Transformer,2,80.60800182819366,0.4287857024693784,1000
EuroSAT,A_structured,1,WIPT,3,80.98533512353897,0.4330123430502898,1000
EuroSAT,A_structured,1,Support-only Transformer,3,80.40933515429496,0.42518879790956293,1000
EuroSAT,A_structured,1,WIPT,4,79.61866849064828,0.44093891465824153,1000
EuroSAT,A_structured,1,Support-only Transformer,4,80.3720018863678,0.43479491981149465,1000
EuroSAT,A_structured,2,ProtoNet,fixed,80.64666845798493,0.4387752207746748,1000
EuroSAT,A_structured,2,WIPT,0,79.19866842627525,0.4537272393637549,1000
EuroSAT,A_structured,2,Support-only Transformer,0,79.12533513903618,0.4455003437684566,1000
EuroSAT,A_structured,2,WIPT,1,80.39333512783051,0.44467331641898233,1000
EuroSAT,A_structured,2,Support-only Transformer,1,79.07866855859757,0.4443622219866881,1000
EuroSAT,A_structured,2,WIPT,2,80.38133509755134,0.4448595274357593,1000
EuroSAT,A_structured,2,Support-only Transformer,2,79.072001683712,0.4437160986713738,1000
EuroSAT,A_structured,2,WIPT,3,79.90000192523003,0.44486852220475503,1000
EuroSAT,A_structured,2,Support-only Transformer,3,78.68800186514855,0.4458537621298371,1000
EuroSAT,A_structured,2,WIPT,4,78.25333518981934,0.46606591544063897,1000
EuroSAT,A_structured,2,Support-only Transformer,4,78.09333507418633,0.45083494073373226,1000
EuroSAT,A_structured,3,ProtoNet,fixed,78.15333507657051,0.45001288927678773,1000
EuroSAT,A_structured,3,WIPT,0,76.78000176548957,0.46286365690239756,1000
EuroSAT,A_structured,3,Support-only Transformer,0,76.24533504247665,0.4437050123459552,1000
EuroSAT,A_structured,3,WIPT,1,78.12400175929069,0.458385811635035,1000
EuroSAT,A_structured,3,Support-only Transformer,1,76.45466837882995,0.44975413708849565,1000
EuroSAT,A_structured,3,WIPT,2,78.0920018017292,0.45774322661129796,1000
EuroSAT,A_structured,3,Support-only Transformer,2,76.40933505296707,0.44733102277603665,1000
EuroSAT,A_structured,3,WIPT,3,77.56800173521042,0.46270300811672616,1000
EuroSAT,A_structured,3,Support-only Transformer,3,75.70400161147117,0.4517258173027056,1000
EuroSAT,A_structured,3,WIPT,4,75.96133510768414,0.46824826281612436,1000
EuroSAT,A_structured,3,Support-only Transformer,4,74.02000171244144,0.46056125528417596,1000
EuroSAT,A_structured,4,ProtoNet,fixed,73.38000150620937,0.4953608112820619,1000
EuroSAT,A_structured,4,WIPT,0,71.9120016157627,0.5034908337011322,1000
EuroSAT,A_structured,4,Support-only Transformer,0,71.0240015655756,0.5056757515108234,1000
EuroSAT,A_structured,4,WIPT,1,73.48400161266326,0.4928735805725662,1000
EuroSAT,A_structured,4,Support-only Transformer,1,71.12133491337299,0.5142588822691797,1000
EuroSAT,A_structured,4,WIPT,2,73.54000166654586,0.4972286770810383,1000
EuroSAT,A_structured,4,Support-only Transformer,2,70.93733482658862,0.5115336022341932,1000
EuroSAT,A_structured,4,WIPT,3,73.07466817796231,0.5038621873581574,1000
EuroSAT,A_structured,4,Support-only Transformer,3,70.3746681779623,0.5237057421389406,1000
EuroSAT,A_structured,4,WIPT,4,71.84133484065532,0.5040824484041458,1000
EuroSAT,A_structured,4,Support-only Transformer,4,67.71733485162258,0.522882815079545,1000
EuroSAT,A_structured,5,ProtoNet,fixed,62.18933467268944,0.5497082121349831,1000
EuroSAT,A_structured,5,WIPT,0,61.517334651947024,0.5482582138454017,1000
EuroSAT,A_structured,5,Support-only Transformer,0,60.58933464288712,0.5575297320698185,1000
EuroSAT,A_structured,5,WIPT,1,62.77733466625214,0.5576858947979171,1000
EuroSAT,A_structured,5,Support-only Transformer,1,60.602668011188506,0.567814890189552,1000
EuroSAT,A_structured,5,WIPT,2,62.765334609150884,0.5496751797752746,1000
EuroSAT,A_structured,5,Support-only Transformer,2,60.62933472692966,0.5623436802486997,1000
EuroSAT,A_structured,5,WIPT,3,61.87200123667717,0.5581556464546353,1000
EuroSAT,A_structured,5,Support-only Transformer,3,59.66400136649609,0.5790027734338089,1000
EuroSAT,A_structured,5,WIPT,4,61.720001286268236,0.5327705622928224,1000
EuroSAT,A_structured,5,Support-only Transformer,4,56.44533458054066,0.592598125476156,1000
EuroSAT,B_stochastic,1,ProtoNet,fixed,76.1400016784668,0.4656996158651681,1000
EuroSAT,B_stochastic,1,WIPT,0,75.6573350906372,0.4666892724186269,1000
EuroSAT,B_stochastic,1,Support-only Transformer,0,74.33733494281769,0.46310889740707845,1000
EuroSAT,B_stochastic,1,WIPT,1,76.37333496809006,0.45443334424977655,1000
EuroSAT,B_stochastic,1,Support-only Transformer,1,74.22133497595787,0.47503390336098616,1000
EuroSAT,B_stochastic,1,WIPT,2,76.3066682189703,0.45775712586539874,1000
EuroSAT,B_stochastic,1,Support-only Transformer,2,73.90400169491768,0.475094146543329,1000
EuroSAT,B_stochastic,1,WIPT,3,75.69600172638893,0.4655677783466893,1000
EuroSAT,B_stochastic,1,Support-only Transformer,3,74.51066832244396,0.46885487250586844,1000
EuroSAT,B_stochastic,1,WIPT,4,74.73866838812827,0.4701782206144643,1000
EuroSAT,B_stochastic,1,Support-only Transformer,4,73.88266831040383,0.47619682004861313,1000
EuroSAT,B_stochastic,2,ProtoNet,fixed,72.10000158846378,0.5090120972346068,1000
EuroSAT,B_stochastic,2,WIPT,0,71.79200154542923,0.5036267263831247,1000
EuroSAT,B_stochastic,2,Support-only Transformer,0,69.66400154829026,0.5015784970523849,1000
EuroSAT,B_stochastic,2,WIPT,1,72.44933491647244,0.50279643294777,1000
EuroSAT,B_stochastic,2,Support-only Transformer,1,69.854668161273,0.5074837016404911,1000
EuroSAT,B_stochastic,2,WIPT,2,72.24266829788685,0.502751872865499,1000
EuroSAT,B_stochastic,2,Support-only Transformer,2,69.56000150740147,0.5071669039129715,1000
EuroSAT,B_stochastic,2,WIPT,3,71.87200151979923,0.5029823601280731,1000
EuroSAT,B_stochastic,2,Support-only Transformer,3,69.97600148916244,0.505834569707288,1000
EuroSAT,B_stochastic,2,WIPT,4,71.2813348531723,0.5126862359610028,1000
EuroSAT,B_stochastic,2,Support-only Transformer,4,69.00133479833603,0.5150577391114679,1000
EuroSAT,B_stochastic,3,ProtoNet,fixed,66.90533484220505,0.5500881673189221,1000
EuroSAT,B_stochastic,3,WIPT,0,66.70133478045463,0.5422927145477662,1000
EuroSAT,B_stochastic,3,Support-only Transformer,0,63.09733473062515,0.5236119500835735,1000
EuroSAT,B_stochastic,3,WIPT,1,67.07066826820373,0.549032227850564,1000
EuroSAT,B_stochastic,3,Support-only Transformer,1,63.92533461153507,0.5358474752287458,1000
EuroSAT,B_stochastic,3,WIPT,2,66.8840014308691,0.5458180221752601,1000
EuroSAT,B_stochastic,3,Support-only Transformer,2,63.56533472239971,0.5320503745055561,1000
EuroSAT,B_stochastic,3,WIPT,3,66.73200144469737,0.5397862844012378,1000
EuroSAT,B_stochastic,3,Support-only Transformer,3,63.82800128161907,0.5380214571368735,1000
EuroSAT,B_stochastic,3,WIPT,4,66.36266800165177,0.5424609266312671,1000
EuroSAT,B_stochastic,3,Support-only Transformer,4,62.74000130295754,0.5365302911357737,1000
EuroSAT,B_stochastic,4,ProtoNet,fixed,61.33866793513298,0.5610582471386567,1000
EuroSAT,B_stochastic,4,WIPT,0,61.45066793859005,0.5605601093541576,1000
EuroSAT,B_stochastic,4,Support-only Transformer,0,58.29733459949493,0.5377794148172655,1000
EuroSAT,B_stochastic,4,WIPT,1,61.46800138354301,0.5648157109956914,1000
EuroSAT,B_stochastic,4,Support-only Transformer,1,58.48533469438553,0.5315990485244945,1000
EuroSAT,B_stochastic,4,WIPT,2,61.29466791450977,0.5628719068715491,1000
EuroSAT,B_stochastic,4,Support-only Transformer,2,58.38533468544483,0.5296599251849059,1000
EuroSAT,B_stochastic,4,WIPT,3,61.42800137102604,0.5597528059394573,1000
EuroSAT,B_stochastic,4,Support-only Transformer,3,58.46266795694828,0.5318310332500878,1000
EuroSAT,B_stochastic,4,WIPT,4,61.43333471417427,0.5676684621768315,1000
EuroSAT,B_stochastic,4,Support-only Transformer,4,57.96133459210396,0.5187882557871354,1000
EuroSAT,B_stochastic,5,ProtoNet,fixed,49.07600116878748,0.5652207555340971,1000
EuroSAT,B_stochastic,5,WIPT,0,49.83200120180845,0.5568149511397963,1000
EuroSAT,B_stochastic,5,Support-only Transformer,0,46.24800110608339,0.527752225680528,1000
EuroSAT,B_stochastic,5,WIPT,1,49.56666790097952,0.5559564026790483,1000
EuroSAT,B_stochastic,5,Support-only Transformer,1,46.8360010817647,0.5350942673589184,1000
EuroSAT,B_stochastic,5,WIPT,2,49.09733447730541,0.5574747718718547,1000
EuroSAT,B_stochastic,5,Support-only Transformer,2,46.10133440196514,0.5278482027086571,1000
EuroSAT,B_stochastic,5,WIPT,3,49.26000125110149,0.5534768064224558,1000
EuroSAT,B_stochastic,5,Support-only Transformer,3,46.24266781806946,0.5217691392951629,1000
EuroSAT,B_stochastic,5,WIPT,4,48.933334465324876,0.5567773563433769,1000
EuroSAT,B_stochastic,5,Support-only Transformer,4,45.756001125276086,0.5325563110186111,1000
EuroSAT,C_combined,1,ProtoNet,fixed,70.78666817247867,0.511454133053877,1000
EuroSAT,C_combined,1,WIPT,0,70.83066823780537,0.49926549943333876,1000
EuroSAT,C_combined,1,Support-only Transformer,0,68.74533481001853,0.4834083031645831,1000
EuroSAT,C_combined,1,WIPT,1,71.23600153326989,0.5005700848042419,1000
EuroSAT,C_combined,1,Support-only Transformer,1,68.89866807460785,0.4914393259692315,1000
EuroSAT,C_combined,1,WIPT,2,71.12666819989681,0.4983479472550227,1000
EuroSAT,C_combined,1,Support-only Transformer,2,68.40800138115883,0.4914994156108028,1000
EuroSAT,C_combined,1,WIPT,3,70.7186682343483,0.5037340524936758,1000
EuroSAT,C_combined,1,Support-only Transformer,3,68.85866814553738,0.4905171429391724,1000
EuroSAT,C_combined,1,WIPT,4,70.23866820037365,0.498279244273976,1000
EuroSAT,C_combined,1,Support-only Transformer,4,67.98933471739292,0.5043610402993459,1000
EuroSAT,C_combined,2,ProtoNet,fixed,62.23333472907543,0.5515180680683508,1000
EuroSAT,C_combined,2,WIPT,0,61.95600131452083,0.5384695006917104,1000
EuroSAT,C_combined,2,Support-only Transformer,0,59.89733472168446,0.5260763715303644,1000
EuroSAT,C_combined,2,WIPT,1,62.39733460247517,0.539422661846396,1000
EuroSAT,C_combined,2,Support-only Transformer,1,60.302667966485025,0.5230554618365478,1000
EuroSAT,C_combined,2,WIPT,2,62.24933460652828,0.5385337396890226,1000
EuroSAT,C_combined,2,Support-only Transformer,2,60.30533462166786,0.5262289633932294,1000
EuroSAT,C_combined,2,WIPT,3,62.01866798698902,0.5412484002315923,1000
EuroSAT,C_combined,2,Support-only Transformer,3,60.17866803109646,0.5228892698422453,1000
EuroSAT,C_combined,2,WIPT,4,62.05733481049538,0.5378422189513606,1000
EuroSAT,C_combined,2,Support-only Transformer,4,59.188001301884654,0.5306376331564623,1000
EuroSAT,C_combined,3,ProtoNet,fixed,53.84933469593525,0.5716518500253681,1000
EuroSAT,C_combined,3,WIPT,0,53.47600123882294,0.5701569410400581,1000
EuroSAT,C_combined,3,Support-only Transformer,0,51.36000124514103,0.5560622946330425,1000
EuroSAT,C_combined,3,WIPT,1,53.75600129812956,0.5684094346128923,1000
EuroSAT,C_combined,3,Support-only Transformer,1,51.372001238167286,0.5568704152402805,1000
EuroSAT,C_combined,3,WIPT,2,53.769334596395495,0.5674799356756485,1000
EuroSAT,C_combined,3,Support-only Transformer,2,51.53466788232326,0.5611509367376522,1000
EuroSAT,C_combined,3,WIPT,3,53.61333463340998,0.5698352061271252,1000
EuroSAT,C_combined,3,Support-only Transformer,3,50.90933455824852,0.5648888004296745,1000
EuroSAT,C_combined,3,WIPT,4,53.320001269876954,0.5595203504236261,1000
EuroSAT,C_combined,3,Support-only Transformer,4,50.27866781204939,0.5530093642516433,1000
EuroSAT,C_combined,4,ProtoNet,fixed,42.786667653918265,0.5036690516028237,1000
EuroSAT,C_combined,4,WIPT,0,44.096001075208186,0.5047328455600206,1000
EuroSAT,C_combined,4,Support-only Transformer,0,39.468000860512255,0.44881895480705664,1000
EuroSAT,C_combined,4,WIPT,1,43.59733432233334,0.5041499613063263,1000
EuroSAT,C_combined,4,Support-only Transformer,1,40.73066758364439,0.4870515299944581,1000
EuroSAT,C_combined,4,WIPT,2,43.61600104868412,0.5087547083285612,1000
EuroSAT,C_combined,4,Support-only Transformer,2,40.42666761875152,0.4754449964164212,1000
EuroSAT,C_combined,4,WIPT,3,43.149334345757964,0.5011589426249545,1000
EuroSAT,C_combined,4,Support-only Transformer,3,38.924000868201254,0.47420789310031536,1000
EuroSAT,C_combined,4,WIPT,4,43.222667697072026,0.49991712164026325,1000
EuroSAT,C_combined,4,Support-only Transformer,4,35.852000741660596,0.4294119412686405,1000
EuroSAT,C_combined,5,ProtoNet,fixed,32.34000069051981,0.410989430330768,1000
EuroSAT,C_combined,5,WIPT,0,34.02133403867483,0.41745709970088674,1000
EuroSAT,C_combined,5,Support-only Transformer,0,32.67866733670235,0.4279067518841054,1000
EuroSAT,C_combined,5,WIPT,1,33.37333407700062,0.4164352505777639,1000
EuroSAT,C_combined,5,Support-only Transformer,1,33.25600069761276,0.4267606530840451,1000
EuroSAT,C_combined,5,WIPT,2,33.34800071716309,0.4192475554437523,1000
EuroSAT,C_combined,5,Support-only Transformer,2,32.78266738504171,0.41705312232350555,1000
EuroSAT,C_combined,5,WIPT,3,33.0840006634593,0.41435280839714556,1000
EuroSAT,C_combined,5,Support-only Transformer,3,31.980000673234464,0.4172689844472445,1000
EuroSAT,C_combined,5,WIPT,4,32.9586673155427,0.4130970596675934,1000
EuroSAT,C_combined,5,Support-only Transformer,4,31.4493339702487,0.4125372546459628,1000
