margin_bin,n_queries_per_training_seed,median_protonet_margin,mean_wipt_minus_protonet_pp,training_seed_sd_pp,training_seed_ci95_pp,positive_runs,negative_runs
1,5625,-5.590694427490234,0.22755555555555557,0.27695700963359854,0.3438875479122124,5,0
2,5625,-2.622100830078125,4.5617777777777775,2.5681844478200335,3.1888221696049492,5,0
3,5625,-1.0877227783203125,20.30222222222222,4.360577603602192,5.414372221766487,5,0
4,5625,0.05472564697265625,-3.936,2.395010451277488,2.973798252673007,0,5
5,5625,0.9925498962402344,-20.721777777777778,7.674798650191916,9.529521177406147,0,5
6,5625,1.8049125671386719,-8.643555555555555,6.2342664383784046,7.74086419174447,0,5
7,5625,2.56304931640625,-3.3955555555555557,3.6418418891652906,4.521943960926924,0,5
8,5625,3.2682323455810547,-1.6391111111111107,2.092550927149934,2.5982451506499804,0,5
9,5625,3.9467849731445312,-0.711111111111111,1.0062913207527044,1.2494757046835494,0,5
10,5625,4.618675231933594,-0.26666666666666666,0.4757009123647877,0.5906606967960407,0,3
11,5625,5.28550910949707,-0.14933333333333335,0.2516042355725052,0.31240792110595855,0,3
12,5625,5.975841522216797,-0.03911111111111111,0.07789831928962362,0.09672353858250747,0,2
13,5625,6.694282531738281,-0.010666666666666668,0.02385139175999776,0.02961541445544313,0,1
14,5625,7.458259582519531,-0.0035555555555555557,0.007950463919999253,0.009871804818481045,0,1
15,5625,8.262760162353516,0.0,0.0,0.0,0,0
16,5625,9.202590942382812,0.0,0.0,0.0,0,0
17,5625,10.340864181518555,0.0,0.0,0.0,0,0
18,5625,11.857757568359375,0.0,0.0,0.0,0,0
19,5625,14.425908088684082,0.0,0.0,0.0,0,0
20,5625,20.177154541015625,0.0,0.0,0.0,0,0
