dataset,training_seed,comparison,difference_pp
CUB,0,WIPT - Support-only Transformer,-0.17600003083546767
CUB,0,WIPT - ProtoNet,0.21599994897842123
CUB,1,WIPT - Support-only Transformer,-0.13333332141239396
CUB,1,WIPT - ProtoNet,0.19644443591435845
CUB,2,WIPT - Support-only Transformer,-0.037333317597699534
CUB,2,WIPT - ProtoNet,0.2266666571299254
CUB,3,WIPT - Support-only Transformer,-0.012444412708290997
CUB,3,WIPT - ProtoNet,0.25777771075566136
CUB,4,WIPT - Support-only Transformer,-0.19555562337239962
CUB,4,WIPT - ProtoNet,0.15466659069060995
EuroSAT,0,WIPT - Support-only Transformer,1.912888876597087
EuroSAT,0,WIPT - ProtoNet,1.8302222609519987
EuroSAT,1,WIPT - Support-only Transformer,1.0942222356796236
EuroSAT,1,WIPT - ProtoNet,1.7795556485652924
EuroSAT,2,WIPT - Support-only Transformer,2.0551112055778518
EuroSAT,2,WIPT - ProtoNet,1.5608889420827268
EuroSAT,3,WIPT - Support-only Transformer,-0.05244447588920309
EuroSAT,3,WIPT - ProtoNet,2.780444498856866
EuroSAT,4,WIPT - Support-only Transformer,0.6844444672266619
EuroSAT,4,WIPT - ProtoNet,2.3911111493905395
ISIC,0,WIPT - Support-only Transformer,0.2560000310341515
ISIC,0,WIPT - ProtoNet,-0.2568888564904519
ISIC,1,WIPT - Support-only Transformer,0.15644441545009613
ISIC,1,WIPT - ProtoNet,-0.35911111533641815
ISIC,2,WIPT - Support-only Transformer,0.25422222912311554
ISIC,2,WIPT - ProtoNet,-0.2719999919335052
ISIC,3,WIPT - Support-only Transformer,-0.09688888291517728
ISIC,3,WIPT - ProtoNet,-0.09599995712439124
ISIC,4,WIPT - Support-only Transformer,0.256000023086866
ISIC,4,WIPT - ProtoNet,-0.10844442248344421
