dataset,query_group_size,training_seed,accuracy,episode_ci95,n_episodes
CUB,1,0,97.77777904669443,0.17137463491373348,1500
CUB,1,1,97.84711234966913,0.16824392224453935,1500
CUB,1,2,97.87377901474635,0.16573640596180378,1500
CUB,1,3,97.84533456563949,0.1664975773444495,1500
CUB,1,4,97.61244578361512,0.17586141763424087,1500
CUB,2,0,97.66489027341207,0.17175450228433717,1500
CUB,2,1,97.8524456858635,0.16675107774671066,1500
CUB,2,2,97.87111235459646,0.16585938652476476,1500
CUB,2,3,97.83200126091639,0.16750127366599457,1500
CUB,2,4,97.66044574975967,0.1747651409733793,1500
CUB,3,0,97.67466802597046,0.1730358049461262,1500
CUB,3,1,97.84977902173996,0.1665080044407427,1500
CUB,3,2,97.86844568252563,0.1659272592909319,1500
CUB,3,3,97.83200125694275,0.16713821239134308,1500
CUB,3,4,97.64889021317164,0.1751580510676072,1500
CUB,4,0,97.684445810318,0.17105220220889114,1500
CUB,4,1,97.84800124963125,0.16630308580106168,1500
CUB,4,2,97.8711123585701,0.1655110754583122,1500
CUB,4,3,97.8293346007665,0.16769372081410075,1500
CUB,4,4,97.64889020522436,0.17562562703551704,1500
CUB,5,0,97.6844458023707,0.17195542036441075,1500
CUB,5,1,97.85066790978114,0.16645532014645162,1500
CUB,5,2,97.87377902269364,0.1655713859134785,1500
CUB,5,3,97.83466792901358,0.16743552700579437,1500
CUB,5,4,97.65244574944178,0.17576475845463826,1500
EuroSAT,1,0,81.83733518918355,0.3345668275443835,1500
EuroSAT,1,1,82.73066867987315,0.32647011362025297,1500
EuroSAT,1,2,82.70844650665919,0.3292446848377748,1500
EuroSAT,1,3,82.23555742899576,0.3342739600092125,1500
EuroSAT,1,4,80.69511297941207,0.35116650722162784,1500
EuroSAT,2,0,80.0008907675743,0.350303463000772,1500
EuroSAT,2,1,82.72355755170186,0.32773632845825124,1500
EuroSAT,2,2,82.83733541965485,0.3286347788548686,1500
EuroSAT,2,3,82.02755748430887,0.33671915722489293,1500
EuroSAT,2,4,80.19822407166163,0.35284708710446555,1500
EuroSAT,3,0,80.15022410551707,0.34923082397093036,1500
EuroSAT,3,1,82.7111130754153,0.3283338465548234,1500
EuroSAT,3,2,82.87466873725255,0.3282189416128994,1500
EuroSAT,3,3,82.0266685684522,0.3371250173798347,1500
EuroSAT,3,4,80.14755744536718,0.3511289399300995,1500
EuroSAT,4,0,79.99733526706696,0.3500085158125184,1500
EuroSAT,4,1,82.72355754375458,0.328375175780119,1500
EuroSAT,4,2,82.87466870943705,0.3284132193536789,1500
EuroSAT,4,3,81.96355750560761,0.3369153845352561,1500
EuroSAT,4,4,80.13866855303446,0.35403271194142283,1500
EuroSAT,5,0,79.90666854778925,0.3508174757796676,1500
EuroSAT,5,1,82.70222417910894,0.3285585643268196,1500
EuroSAT,5,2,82.85689093669255,0.3278299167764163,1500
EuroSAT,5,3,82.04000196456909,0.3369684377119647,1500
EuroSAT,5,4,80.20355748732885,0.3513901225093382,1500
ISIC,1,0,38.05688970685005,0.34400955148372886,1500
ISIC,1,1,38.73066748380661,0.3453238144502186,1500
ISIC,1,2,38.93955644071102,0.3450141711603407,1500
ISIC,1,3,38.52800086041292,0.347861862747778,1500
ISIC,1,4,37.64444525837898,0.34519973015183064,1500
ISIC,2,0,37.25777857800325,0.33717809727269465,1500
ISIC,2,1,38.84888976613681,0.34418041656960613,1500
ISIC,2,2,38.86666755775611,0.34480759031422165,1500
ISIC,2,3,38.630223112305,0.34799326312144013,1500
ISIC,2,4,37.592000836133955,0.3451038592743244,1500
ISIC,3,0,37.2986674785614,0.3381397137632609,1500
ISIC,3,1,38.864889764785765,0.3453559353856376,1500
ISIC,3,2,38.869334226846696,0.34445547030073903,1500
ISIC,3,3,38.65511201719443,0.3459843724813755,1500
ISIC,3,4,37.56266748209794,0.3446946984311557,1500
ISIC,4,0,37.28355637391408,0.33855231335346236,1500
ISIC,4,1,38.86311198075612,0.3451033949146305,1500
ISIC,4,2,38.87377867400646,0.3451050144751454,1500
ISIC,4,3,38.64444535573323,0.34831040778263495,1500
ISIC,4,4,37.56088973780473,0.3431168062650859,1500
ISIC,5,0,37.26311190028985,0.3398459308885954,1500
ISIC,5,1,38.84444530109565,0.34427019870493386,1500
ISIC,5,2,38.87288979589939,0.3447409332587412,1500
ISIC,5,3,38.64355646669865,0.3474764729363844,1500
ISIC,5,4,37.58755639096101,0.343546578551973,1500
