dataset,scorer,comparison,mean_difference_pp,training_seed_sd_pp,training_seed_ci95_pp,positive_runs,negative_runs
CUB,euclidean,WIPT - Raw,-0.08871107101440145,0.10607684354396126,0.13171179767163008,0,5
CUB,euclidean,WIPT - Support-only,-0.018666608333589352,0.08134664624411468,0.10100520201593464,3,2
CUB,euclidean,Support-only - Raw,-0.0700444626808121,0.028013397044201374,0.03478322657717259,0,5
CUB,cosine,WIPT - Raw,-2.1185770646731017,0.4479811819539128,0.5562421055049432,0,5
CUB,cosine,WIPT - Support-only,-2.0351993266741433,0.4547808314493403,0.5646849854838201,0,5
CUB,cosine,Support-only - Raw,-0.08337773799895842,0.01540113659589021,0.019123036842535347,0,5
CUB,relation,WIPT - Raw,2.050666724840801,1.7789546586616427,2.2088639540970276,4,1
CUB,relation,WIPT - Support-only,8.515200276772186,1.9180654312886185,2.381592792230253,5,0
CUB,relation,Support-only - Raw,-6.4645335519313845,1.6999722048191337,2.1107942846709937,0,5
EuroSAT,euclidean,WIPT - Raw,-0.7212444647153291,0.8384316680913612,1.0410504172229709,0,5
EuroSAT,euclidean,WIPT - Support-only,0.5806222295761045,0.7933485807430628,0.985072370734713,4,1
EuroSAT,euclidean,Support-only - Raw,-1.3018666942914336,0.08365619548564157,0.10387288616121738,0,5
EuroSAT,cosine,WIPT - Raw,-25.31697833577791,3.880299084918739,4.818027676006609,0,5
EuroSAT,cosine,WIPT - Support-only,-24.062756083011628,3.783490060124539,4.6978233952184345,0,5
EuroSAT,cosine,Support-only - Raw,-1.254222252766283,0.16300752767288568,0.20240057854762594,0,5
EuroSAT,relation,WIPT - Raw,-1.5706667224566147,2.9904055930181968,3.713078964877872,1,4
EuroSAT,relation,WIPT - Support-only,-0.09439998884995618,2.831479892798511,3.5157466445257644,2,3
EuroSAT,relation,Support-only - Raw,-1.4762667336066584,2.760475413692677,3.4275829391088393,2,3
ISIC,euclidean,WIPT - Raw,-0.5383111250400546,0.5252181332360968,0.6521444472430492,1,4
ISIC,euclidean,WIPT - Support-only,0.99395559291045,0.13476769834170302,0.16733619915167774,5,0
ISIC,euclidean,Support-only - Raw,-1.5322667179505047,0.48970617469235,0.6080505268135743,0,5
ISIC,cosine,WIPT - Raw,-3.2204445308446905,0.4804520701669648,0.5965600383887889,0,5
ISIC,cosine,WIPT - Support-only,-2.9086222946643856,0.5395648707959205,0.6699582747627602,0,5
ISIC,cosine,Support-only - Raw,-0.3118222361803049,0.08592250154518756,0.10668687680426668,0,5
ISIC,relation,WIPT - Raw,-0.5774222515026736,0.9541057205227789,1.1846787236533967,1,4
ISIC,relation,WIPT - Support-only,0.9006222160657238,0.8420071277674143,1.0454899367797552,4,1
ISIC,relation,Support-only - Raw,-1.4780444675683975,1.0508229957042299,1.3047690822505709,0,5
