dataset,adaptation,scorer,condition,mean_accuracy,training_seed_sd,training_seed_ci95,n_training_seeds
CUB,none,euclidean,Raw + Euclidean,97.8800012230873,,,0
CUB,none,cosine,Raw + Cosine,97.46844570636749,,,0
CUB,none,relation,Raw + Relation,79.05849072416625,0.7079944164688784,0.8790911778586884,5
CUB,support,euclidean,Support-only + Euclidean,97.8099567604065,0.028013397044201374,0.03478322657717259,5
CUB,support,cosine,Support-only + Cosine,97.38506796836853,0.01540113659589021,0.019123036842535347,5
CUB,support,relation,Support-only + Relation,72.59395717223485,1.4035424508676475,1.7427281311930334,5
CUB,joint,euclidean,WIPT + Euclidean,97.79129015207289,0.10607684354396126,0.13171179767163008,5
CUB,joint,cosine,WIPT + Cosine,95.34986864169439,0.44798118195391284,0.5562421055049434,5
CUB,joint,relation,WIPT + Relation,81.10915744900703,1.2060105506082341,1.497459882144143,5
EuroSAT,none,euclidean,Raw + Euclidean,82.76266862154007,,,0
EuroSAT,none,cosine,Raw + Cosine,78.74222402969995,,,0
EuroSAT,none,relation,Raw + Relation,60.198401325941084,1.7917551881820963,2.2247579107605193,5
EuroSAT,support,euclidean,Support-only + Euclidean,81.46080192724864,0.08365619548564157,0.10387288616121738,5
EuroSAT,support,cosine,Support-only + Cosine,77.48800177693367,0.16300752767288568,0.20240057854762594,5
EuroSAT,support,relation,Support-only + Relation,58.72213459233443,1.6564376750964747,2.056739026435636,5
EuroSAT,joint,euclidean,WIPT + Euclidean,82.04142415682475,0.8384316680913612,1.0410504172229709,5
EuroSAT,joint,cosine,WIPT + Cosine,53.425245693922044,3.880299084918739,4.818027676006609,5
EuroSAT,joint,relation,WIPT + Relation,58.62773460348448,1.547724358550339,1.9217536151549703,5
ISIC,none,euclidean,Raw + Euclidean,38.91822307507197,,,0
ISIC,none,cosine,Raw + Cosine,36.23911187748114,,,0
ISIC,none,relation,Raw + Relation,27.983111702601114,1.3075122210870436,1.6234908521352225,5
ISIC,support,euclidean,Support-only + Euclidean,37.385956357121465,0.48970617469235,0.6080505268135743,5
ISIC,support,cosine,Support-only + Cosine,35.92728964130084,0.08592250154518756,0.10668687680426668,5
ISIC,support,relation,Support-only + Relation,26.50506723503272,0.6961456955039197,0.864379047611737,5
ISIC,joint,euclidean,WIPT + Euclidean,38.37991195003192,0.5252181332360968,0.6521444472430492,5
ISIC,joint,cosine,WIPT + Cosine,33.018667346636455,0.4804520701669648,0.5965600383887889,5
ISIC,joint,relation,WIPT + Relation,27.405689451098443,0.8739248548013471,1.0851210293422846,5
