dataset,adaptation,scorer,condition,training_seed,accuracy,episode_ci95,n_episodes
CUB,none,euclidean,Raw + Euclidean,fixed,97.8800012230873,0.16684413758383507,1500
CUB,none,cosine,Raw + Cosine,fixed,97.46844570636749,0.2070828193695753,1500
CUB,none,relation,Raw + Relation,0,78.9875573794047,0.5582145431235962,1500
CUB,none,relation,Raw + Relation,1,78.81866846680641,0.5632828399081898,1500
CUB,none,relation,Raw + Relation,2,79.68266852696736,0.5306200306081102,1500
CUB,none,relation,Raw + Relation,3,78.03466848532359,0.5479557262635266,1500
CUB,none,relation,Raw + Relation,4,79.76889076232911,0.5548329643106465,1500
CUB,support,euclidean,Support-only + Euclidean,0,97.80622339646021,0.18288071762284475,1500
CUB,support,euclidean,Support-only + Euclidean,1,97.81155677636464,0.18092474268485859,1500
CUB,support,euclidean,Support-only + Euclidean,2,97.82400121291478,0.1827107866110225,1500
CUB,support,euclidean,Support-only + Euclidean,3,97.841778977712,0.1808982175027772,1500
CUB,support,euclidean,Support-only + Euclidean,4,97.76622343858084,0.18471151880573133,1500
CUB,support,cosine,Support-only + Cosine,0,97.38311241865158,0.20941146465997512,1500
CUB,support,cosine,Support-only + Cosine,1,97.36889018615086,0.21125283858378066,1500
CUB,support,cosine,Support-only + Cosine,2,97.40089017947516,0.2097899704361758,1500
CUB,support,cosine,Support-only + Cosine,3,97.40089019536973,0.20983340064089784,1500
CUB,support,cosine,Support-only + Cosine,4,97.37155686219533,0.21111500608801645,1500
CUB,support,relation,Support-only + Relation,0,71.03022374510765,0.6519283687228833,1500
CUB,support,relation,Support-only + Relation,1,72.7911126891772,0.6212108228913042,1500
CUB,support,relation,Support-only + Relation,2,71.28000158468882,0.6312764604601746,1500
CUB,support,relation,Support-only + Relation,3,73.73866841197014,0.5911607752133082,1500
CUB,support,relation,Support-only + Relation,4,74.12977943023046,0.5879857526085711,1500
CUB,joint,euclidean,WIPT + Euclidean,0,97.77777904669443,0.17137463491373348,1500
CUB,joint,euclidean,WIPT + Euclidean,1,97.84711234966913,0.16824392224453935,1500
CUB,joint,euclidean,WIPT + Euclidean,2,97.87377901474635,0.16573640596180378,1500
CUB,joint,euclidean,WIPT + Euclidean,3,97.84533456563949,0.1664975773444495,1500
CUB,joint,euclidean,WIPT + Euclidean,4,97.61244578361512,0.17586141763424087,1500
CUB,joint,cosine,WIPT + Cosine,0,95.82666850884756,0.2533225900408903,1500
CUB,joint,cosine,WIPT + Cosine,1,95.74844633340835,0.2529263513940009,1500
CUB,joint,cosine,WIPT + Cosine,2,94.7902243534724,0.269544211687132,1500
CUB,joint,cosine,WIPT + Cosine,3,95.3555574854215,0.26789658175872855,1500
CUB,joint,cosine,WIPT + Cosine,4,95.02844652732213,0.2683156680512168,1500
CUB,joint,relation,WIPT + Relation,0,80.50400195717812,0.4502665681343943,1500
CUB,joint,relation,WIPT + Relation,1,82.29866856137912,0.4426231085066794,1500
CUB,joint,relation,WIPT + Relation,2,81.24889080524444,0.4211998446991457,1500
CUB,joint,relation,WIPT + Relation,3,82.11733522415162,0.43237466013889897,1500
CUB,joint,relation,WIPT + Relation,4,79.37689069708189,0.4522881817982386,1500
EuroSAT,none,euclidean,Raw + Euclidean,fixed,82.76266862154007,0.32521019871377826,1500
EuroSAT,none,cosine,Raw + Cosine,fixed,78.74222402969995,0.3715327315367844,1500
EuroSAT,none,relation,Raw + Relation,0,61.42400132815043,0.45904612322066296,1500
EuroSAT,none,relation,Raw + Relation,1,60.22933466633161,0.44042133428960734,1500
EuroSAT,none,relation,Raw + Relation,2,60.016890196005505,0.4412589269130912,1500
EuroSAT,none,relation,Raw + Relation,3,57.344890250762305,0.4805426852745633,1500
EuroSAT,none,relation,Raw + Relation,4,61.976890188455585,0.45940158536495,1500
EuroSAT,support,euclidean,Support-only + Euclidean,0,81.45155754089356,0.3410876141504878,1500
EuroSAT,support,euclidean,Support-only + Euclidean,1,81.39644635121027,0.3380123773745983,1500
EuroSAT,support,euclidean,Support-only + Euclidean,2,81.58489079872767,0.3364901767830305,1500
EuroSAT,support,euclidean,Support-only + Euclidean,3,81.49511301120123,0.34013662164882896,1500
EuroSAT,support,euclidean,Support-only + Euclidean,4,81.37600193421046,0.34402806819074666,1500
EuroSAT,support,cosine,Support-only + Cosine,0,77.64089066386222,0.3867774515170951,1500
EuroSAT,support,cosine,Support-only + Cosine,1,77.38666844169299,0.38721465608272826,1500
EuroSAT,support,cosine,Support-only + Cosine,2,77.27377958099048,0.38852401277153054,1500
EuroSAT,support,cosine,Support-only + Cosine,3,77.65155733426413,0.38559127534783516,1500
EuroSAT,support,cosine,Support-only + Cosine,4,77.48711286385854,0.3870241869055885,1500
EuroSAT,support,relation,Support-only + Relation,0,59.01600126624108,0.43125149485578973,1500
EuroSAT,support,relation,Support-only + Relation,1,59.79377903143565,0.45847360020259426,1500
EuroSAT,support,relation,Support-only + Relation,2,60.386667958895366,0.4305918115980948,1500
EuroSAT,support,relation,Support-only + Relation,3,58.29777901967366,0.4332546678733191,1500
EuroSAT,support,relation,Support-only + Relation,4,56.11644568542639,0.4689130621954952,1500
EuroSAT,joint,euclidean,WIPT + Euclidean,0,81.83733518918355,0.3345668275443835,1500
EuroSAT,joint,euclidean,WIPT + Euclidean,1,82.73066867987315,0.32647011362025297,1500
EuroSAT,joint,euclidean,WIPT + Euclidean,2,82.70844650665919,0.3292446848377748,1500
EuroSAT,joint,euclidean,WIPT + Euclidean,3,82.23555742899576,0.3342739600092125,1500
EuroSAT,joint,euclidean,WIPT + Euclidean,4,80.69511297941207,0.35116650722162784,1500
EuroSAT,joint,cosine,WIPT + Cosine,0,59.21777913769086,0.4170282173976389,1500
EuroSAT,joint,cosine,WIPT + Cosine,1,54.589334628979366,0.43484933973209894,1500
EuroSAT,joint,cosine,WIPT + Cosine,2,49.96622342467308,0.4136654301133528,1500
EuroSAT,joint,cosine,WIPT + Cosine,3,53.578667877117795,0.43618579903966187,1500
EuroSAT,joint,cosine,WIPT + Cosine,4,49.774223401149115,0.4347237214979355,1500
EuroSAT,joint,relation,WIPT + Relation,0,57.74755673209826,0.4053703025149631,1500
EuroSAT,joint,relation,WIPT + Relation,1,57.18933457533519,0.42694235318584245,1500
EuroSAT,joint,relation,WIPT + Relation,2,57.889779110749565,0.4290226274664706,1500
EuroSAT,joint,relation,WIPT + Relation,3,61.02844572067261,0.43075302628569184,1500
EuroSAT,joint,relation,WIPT + Relation,4,59.28355687856674,0.4371585329168664,1500
ISIC,none,euclidean,Raw + Euclidean,fixed,38.91822307507197,0.3453724693973751,1500
ISIC,none,cosine,Raw + Cosine,fixed,36.23911187748114,0.33581770907117825,1500
ISIC,none,relation,Raw + Relation,0,29.754667288064958,0.3072390488274416,1500
ISIC,none,relation,Raw + Relation,1,28.815111739436784,0.2754092830392995,1500
ISIC,none,relation,Raw + Relation,2,27.564445010821025,0.2727246762827384,1500
ISIC,none,relation,Raw + Relation,3,27.362667216857275,0.28272262743639315,1500
ISIC,none,relation,Raw + Relation,4,26.418667257825533,0.2620071945495962,1500
ISIC,support,euclidean,Support-only + Euclidean,0,37.20888967414697,0.33531161173274554,1500
ISIC,support,euclidean,Support-only + Euclidean,1,37.64711192250252,0.33724899853372253,1500
ISIC,support,euclidean,Support-only + Euclidean,2,37.79644526839256,0.34262838804777423,1500
ISIC,support,euclidean,Support-only + Euclidean,3,37.67200083037218,0.3416971388398451,1500
ISIC,support,euclidean,Support-only + Euclidean,4,36.60533409019311,0.3363376768283094,1500
ISIC,support,cosine,Support-only + Cosine,0,35.81244521240394,0.3329589995665853,1500
ISIC,support,cosine,Support-only + Cosine,1,35.927111831307414,0.3338253960083529,1500
ISIC,support,cosine,Support-only + Cosine,2,36.0097785204649,0.33356781358348686,1500
ISIC,support,cosine,Support-only + Cosine,3,36.01066744426886,0.33328079502233265,1500
ISIC,support,cosine,Support-only + Cosine,4,35.87644519805908,0.33155484713280603,1500
ISIC,support,relation,Support-only + Relation,0,27.094222781062125,0.27496973149413984,1500
ISIC,support,relation,Support-only + Relation,1,26.297778348128002,0.2699049431223369,1500
ISIC,support,relation,Support-only + Relation,2,27.262222798665366,0.27624797298438974,1500
ISIC,support,relation,Support-only + Relation,3,26.339556134740512,0.2744332382152813,1500
ISIC,support,relation,Support-only + Relation,4,25.531556112567582,0.2567892018781475,1500
ISIC,joint,euclidean,WIPT + Euclidean,0,38.05688970685005,0.34400955148372886,1500
ISIC,joint,euclidean,WIPT + Euclidean,1,38.73066748380661,0.3453238144502186,1500
ISIC,joint,euclidean,WIPT + Euclidean,2,38.93955644071102,0.3450141711603407,1500
ISIC,joint,euclidean,WIPT + Euclidean,3,38.52800086041292,0.347861862747778,1500
ISIC,joint,euclidean,WIPT + Euclidean,4,37.64444525837898,0.34519973015183064,1500
ISIC,joint,cosine,WIPT + Cosine,0,33.29511180619399,0.31166355808253715,1500
ISIC,joint,cosine,WIPT + Cosine,1,33.272889562447865,0.320433792801001,1500
ISIC,joint,cosine,WIPT + Cosine,2,32.168889533480005,0.31272483368111853,1500
ISIC,joint,cosine,WIPT + Cosine,3,33.11022290885448,0.3143864479594742,1500
ISIC,joint,cosine,WIPT + Cosine,4,33.246222922205924,0.3170925001403113,1500
ISIC,joint,relation,WIPT + Relation,0,28.04355612297853,0.2913005857668566,1500
ISIC,joint,relation,WIPT + Relation,1,27.731556145350137,0.2924442467741398,1500
ISIC,joint,relation,WIPT + Relation,2,26.934222731987635,0.28808806719900604,1500
ISIC,joint,relation,WIPT + Relation,3,28.208000575502712,0.28814550416875695,1500
ISIC,joint,relation,WIPT + Relation,4,26.111111679673193,0.27376207670894925,1500
