dataset,shot,training_seed,margin_bin,n_queries,median_protonet_margin,protonet_accuracy,wipt_accuracy,wipt_minus_protonet_pp
CUB,1,0,1,5625,-3.367565155029297,0.0,3.1466666666666665,3.1466666666666665
CUB,1,0,2,5625,0.3806114196777344,65.10222222222222,67.16444444444446,2.062222222222222
CUB,1,0,3,5625,2.56399917602539,100.0,99.1288888888889,-0.8711111111111111
CUB,1,0,4,5625,4.199981689453125,100.0,99.98222222222222,-0.017777777777777778
CUB,1,0,5,5625,5.635356903076172,100.0,100.0,0.0
CUB,1,0,6,5625,6.923454284667969,100.0,100.0,0.0
CUB,1,0,7,5625,8.06911849975586,100.0,100.0,0.0
CUB,1,0,8,5625,9.16873550415039,100.0,100.0,0.0
CUB,1,0,9,5625,10.23458480834961,100.0,100.0,0.0
CUB,1,0,10,5625,11.28742218017578,100.0,100.0,0.0
CUB,1,0,11,5625,12.367473602294922,100.0,100.0,0.0
CUB,1,0,12,5625,13.450454711914062,100.0,100.0,0.0
CUB,1,0,13,5625,14.533233642578123,100.0,100.0,0.0
CUB,1,0,14,5625,15.664024353027344,100.0,100.0,0.0
CUB,1,0,15,5625,16.84380340576172,100.0,100.0,0.0
CUB,1,0,16,5625,18.16890335083008,100.0,100.0,0.0
CUB,1,0,17,5625,19.61250686645508,100.0,100.0,0.0
CUB,1,0,18,5625,21.38579559326172,100.0,100.0,0.0
CUB,1,0,19,5625,23.796253204345703,100.0,100.0,0.0
CUB,1,0,20,5625,28.02873420715332,100.0,100.0,0.0
CUB,1,1,1,5625,-3.367565155029297,0.0,5.173333333333333,5.173333333333333
CUB,1,1,2,5625,0.3806114196777344,65.10222222222222,66.54222222222222,1.44
CUB,1,1,3,5625,2.56399917602539,100.0,97.40444444444445,-2.5955555555555554
CUB,1,1,4,5625,4.199981689453125,100.0,99.91111111111111,-0.08888888888888889
CUB,1,1,5,5625,5.635356903076172,100.0,100.0,0.0
CUB,1,1,6,5625,6.923454284667969,100.0,100.0,0.0
CUB,1,1,7,5625,8.06911849975586,100.0,100.0,0.0
CUB,1,1,8,5625,9.16873550415039,100.0,100.0,0.0
CUB,1,1,9,5625,10.23458480834961,100.0,100.0,0.0
CUB,1,1,10,5625,11.28742218017578,100.0,100.0,0.0
CUB,1,1,11,5625,12.367473602294922,100.0,100.0,0.0
CUB,1,1,12,5625,13.450454711914062,100.0,100.0,0.0
CUB,1,1,13,5625,14.533233642578123,100.0,100.0,0.0
CUB,1,1,14,5625,15.664024353027344,100.0,100.0,0.0
CUB,1,1,15,5625,16.84380340576172,100.0,100.0,0.0
CUB,1,1,16,5625,18.16890335083008,100.0,100.0,0.0
CUB,1,1,17,5625,19.61250686645508,100.0,100.0,0.0
CUB,1,1,18,5625,21.38579559326172,100.0,100.0,0.0
CUB,1,1,19,5625,23.796253204345703,100.0,100.0,0.0
CUB,1,1,20,5625,28.02873420715332,100.0,100.0,0.0
CUB,1,2,1,5625,-3.367565155029297,0.0,6.3822222222222225,6.3822222222222225
CUB,1,2,2,5625,0.3806114196777344,65.10222222222222,66.4,1.2977777777777777
CUB,1,2,3,5625,2.56399917602539,100.0,97.06666666666666,-2.933333333333333
CUB,1,2,4,5625,4.199981689453125,100.0,99.80444444444444,-0.19555555555555557
CUB,1,2,5,5625,5.635356903076172,100.0,99.98222222222222,-0.017777777777777778
CUB,1,2,6,5625,6.923454284667969,100.0,100.0,0.0
CUB,1,2,7,5625,8.06911849975586,100.0,100.0,0.0
CUB,1,2,8,5625,9.16873550415039,100.0,100.0,0.0
CUB,1,2,9,5625,10.23458480834961,100.0,100.0,0.0
CUB,1,2,10,5625,11.28742218017578,100.0,100.0,0.0
CUB,1,2,11,5625,12.367473602294922,100.0,100.0,0.0
CUB,1,2,12,5625,13.450454711914062,100.0,100.0,0.0
CUB,1,2,13,5625,14.533233642578123,100.0,100.0,0.0
CUB,1,2,14,5625,15.664024353027344,100.0,100.0,0.0
CUB,1,2,15,5625,16.84380340576172,100.0,100.0,0.0
CUB,1,2,16,5625,18.16890335083008,100.0,100.0,0.0
CUB,1,2,17,5625,19.61250686645508,100.0,100.0,0.0
CUB,1,2,18,5625,21.38579559326172,100.0,100.0,0.0
CUB,1,2,19,5625,23.796253204345703,100.0,100.0,0.0
CUB,1,2,20,5625,28.02873420715332,100.0,100.0,0.0
CUB,1,3,1,5625,-3.367565155029297,0.0,2.577777777777778,2.577777777777778
CUB,1,3,2,5625,0.3806114196777344,65.10222222222222,68.05333333333333,2.951111111111111
CUB,1,3,3,5625,2.56399917602539,100.0,99.62666666666667,-0.37333333333333335
CUB,1,3,4,5625,4.199981689453125,100.0,100.0,0.0
CUB,1,3,5,5625,5.635356903076172,100.0,100.0,0.0
CUB,1,3,6,5625,6.923454284667969,100.0,100.0,0.0
CUB,1,3,7,5625,8.06911849975586,100.0,100.0,0.0
CUB,1,3,8,5625,9.16873550415039,100.0,100.0,0.0
CUB,1,3,9,5625,10.23458480834961,100.0,100.0,0.0
CUB,1,3,10,5625,11.28742218017578,100.0,100.0,0.0
CUB,1,3,11,5625,12.367473602294922,100.0,100.0,0.0
CUB,1,3,12,5625,13.450454711914062,100.0,100.0,0.0
CUB,1,3,13,5625,14.533233642578123,100.0,100.0,0.0
CUB,1,3,14,5625,15.664024353027344,100.0,100.0,0.0
CUB,1,3,15,5625,16.84380340576172,100.0,100.0,0.0
CUB,1,3,16,5625,18.16890335083008,100.0,100.0,0.0
CUB,1,3,17,5625,19.61250686645508,100.0,100.0,0.0
CUB,1,3,18,5625,21.38579559326172,100.0,100.0,0.0
CUB,1,3,19,5625,23.796253204345703,100.0,100.0,0.0
CUB,1,3,20,5625,28.02873420715332,100.0,100.0,0.0
CUB,1,4,1,5625,-3.367565155029297,0.0,2.986666666666667,2.986666666666667
CUB,1,4,2,5625,0.3806114196777344,65.10222222222222,66.41777777777777,1.3155555555555556
CUB,1,4,3,5625,2.56399917602539,100.0,98.80888888888889,-1.191111111111111
CUB,1,4,4,5625,4.199981689453125,100.0,99.98222222222222,-0.017777777777777778
CUB,1,4,5,5625,5.635356903076172,100.0,100.0,0.0
CUB,1,4,6,5625,6.923454284667969,100.0,100.0,0.0
CUB,1,4,7,5625,8.06911849975586,100.0,100.0,0.0
CUB,1,4,8,5625,9.16873550415039,100.0,100.0,0.0
CUB,1,4,9,5625,10.23458480834961,100.0,100.0,0.0
CUB,1,4,10,5625,11.28742218017578,100.0,100.0,0.0
CUB,1,4,11,5625,12.367473602294922,100.0,100.0,0.0
CUB,1,4,12,5625,13.450454711914062,100.0,100.0,0.0
CUB,1,4,13,5625,14.533233642578123,100.0,100.0,0.0
CUB,1,4,14,5625,15.664024353027344,100.0,100.0,0.0
CUB,1,4,15,5625,16.84380340576172,100.0,100.0,0.0
CUB,1,4,16,5625,18.16890335083008,100.0,100.0,0.0
CUB,1,4,17,5625,19.61250686645508,100.0,100.0,0.0
CUB,1,4,18,5625,21.38579559326172,100.0,100.0,0.0
CUB,1,4,19,5625,23.796253204345703,100.0,100.0,0.0
CUB,1,4,20,5625,28.02873420715332,100.0,100.0,0.0
