dataset,category,severity,model,accuracy,ci95,n_episodes
CUB,clean,0,SupportTransformer+ViT,97.724,0.2242,1000
CUB,clean,0,WIPT-2,97.8067,0.2065,1000
CUB,A_structured,1,SupportTransformer+ViT,98.0053,0.2232,1000
CUB,A_structured,1,WIPT-2,98.1307,0.1954,1000
CUB,A_structured,2,SupportTransformer+ViT,97.6973,0.2366,1000
CUB,A_structured,2,WIPT-2,97.82,0.2143,1000
CUB,A_structured,3,SupportTransformer+ViT,96.6307,0.2777,1000
CUB,A_structured,3,WIPT-2,96.9653,0.2435,1000
CUB,A_structured,4,SupportTransformer+ViT,92.9747,0.3886,1000
CUB,A_structured,4,WIPT-2,93.604,0.3416,1000
CUB,A_structured,5,SupportTransformer+ViT,76.7707,0.6276,1000
CUB,A_structured,5,WIPT-2,78.636,0.5884,1000
CUB,B_stochastic,1,SupportTransformer+ViT,96.0093,0.302,1000
CUB,B_stochastic,1,WIPT-2,96.2867,0.269,1000
CUB,B_stochastic,2,SupportTransformer+ViT,93.8347,0.356,1000
CUB,B_stochastic,2,WIPT-2,94.2773,0.3181,1000
CUB,B_stochastic,3,SupportTransformer+ViT,86.4693,0.5245,1000
CUB,B_stochastic,3,WIPT-2,87.7213,0.4611,1000
CUB,B_stochastic,4,SupportTransformer+ViT,68.1573,0.6579,1000
CUB,B_stochastic,4,WIPT-2,70.5333,0.6456,1000
CUB,B_stochastic,5,SupportTransformer+ViT,43.9293,0.5623,1000
CUB,B_stochastic,5,WIPT-2,48.9587,0.5857,1000
CUB,C_combined,1,SupportTransformer+ViT,95.88,0.3113,1000
CUB,C_combined,1,WIPT-2,96.1867,0.2665,1000
CUB,C_combined,2,SupportTransformer+ViT,83.504,0.5641,1000
CUB,C_combined,2,WIPT-2,84.4787,0.5226,1000
CUB,C_combined,3,SupportTransformer+ViT,47.8067,0.5899,1000
CUB,C_combined,3,WIPT-2,50.4747,0.6013,1000
CUB,C_combined,4,SupportTransformer+ViT,30.216,0.4079,1000
CUB,C_combined,4,WIPT-2,34.2373,0.4532,1000
CUB,C_combined,5,SupportTransformer+ViT,23.872,0.3066,1000
CUB,C_combined,5,WIPT-2,26.1413,0.3609,1000
CUB,clean,0,ProtoNet+ViT,97.81733453273772,0.2108838588651937,1000
CUB,A_structured,1,ProtoNet+ViT,98.21200103759766,0.1915430451013932,1000
CUB,A_structured,2,ProtoNet+ViT,97.86666783690453,0.2125109227436399,1000
CUB,A_structured,3,ProtoNet+ViT,97.00266832113266,0.2414333637798867,1000
CUB,A_structured,4,ProtoNet+ViT,93.46800233721731,0.3417366778130429,1000
CUB,A_structured,5,ProtoNet+ViT,77.42266840040683,0.5810183794193737,1000
CUB,B_stochastic,1,ProtoNet+ViT,96.31333522200585,0.2666904607870456,1000
CUB,B_stochastic,2,ProtoNet+ViT,94.32533569335938,0.3125175624752724,1000
CUB,B_stochastic,3,ProtoNet+ViT,87.4426688849926,0.4615510088434932,1000
CUB,B_stochastic,4,ProtoNet+ViT,69.99066826403141,0.6315641057111114,1000
CUB,B_stochastic,5,ProtoNet+ViT,48.366667897999285,0.5734437479477835,1000
CUB,C_combined,1,ProtoNet+ViT,96.24933524131777,0.2661548962842109,1000
CUB,C_combined,2,ProtoNet+ViT,84.15466869473457,0.519205736187667,1000
CUB,C_combined,3,ProtoNet+ViT,50.23466783165932,0.5991752345476327,1000
CUB,C_combined,4,ProtoNet+ViT,33.965334069728854,0.4465246866032576,1000
CUB,C_combined,5,ProtoNet+ViT,26.02800054550171,0.3603992107712097,1000
EuroSAT,clean,0,SupportTransformer+ViT,79.7333,0.4538,1000
EuroSAT,clean,0,WIPT-2,82.2413,0.4102,1000
EuroSAT,A_structured,1,SupportTransformer+ViT,76.1373,0.4765,1000
EuroSAT,A_structured,1,WIPT-2,78.9147,0.4471,1000
EuroSAT,A_structured,2,SupportTransformer+ViT,72.8107,0.4994,1000
EuroSAT,A_structured,2,WIPT-2,77.4533,0.4655,1000
EuroSAT,A_structured,3,SupportTransformer+ViT,63.756,0.5239,1000
EuroSAT,A_structured,3,WIPT-2,72.6093,0.5124,1000
EuroSAT,A_structured,4,SupportTransformer+ViT,52.4867,0.5538,1000
EuroSAT,A_structured,4,WIPT-2,64.8453,0.5415,1000
EuroSAT,A_structured,5,SupportTransformer+ViT,43.5107,0.571,1000
EuroSAT,A_structured,5,WIPT-2,53.264,0.5729,1000
EuroSAT,B_stochastic,1,SupportTransformer+ViT,73.024,0.4682,1000
EuroSAT,B_stochastic,1,WIPT-2,76.068,0.4601,1000
EuroSAT,B_stochastic,2,SupportTransformer+ViT,68.6733,0.5114,1000
EuroSAT,B_stochastic,2,WIPT-2,72.112,0.5091,1000
EuroSAT,B_stochastic,3,SupportTransformer+ViT,62.4413,0.5245,1000
EuroSAT,B_stochastic,3,WIPT-2,66.884,0.5487,1000
EuroSAT,B_stochastic,4,SupportTransformer+ViT,57.5587,0.5346,1000
EuroSAT,B_stochastic,4,WIPT-2,61.3,0.5634,1000
EuroSAT,B_stochastic,5,SupportTransformer+ViT,43.628,0.5641,1000
EuroSAT,B_stochastic,5,WIPT-2,49.2867,0.5592,1000
EuroSAT,C_combined,1,SupportTransformer+ViT,59.0707,0.5305,1000
EuroSAT,C_combined,1,WIPT-2,64.976,0.5264,1000
EuroSAT,C_combined,2,SupportTransformer+ViT,50.78,0.4964,1000
EuroSAT,C_combined,2,WIPT-2,54.912,0.5404,1000
EuroSAT,C_combined,3,SupportTransformer+ViT,42.7187,0.5269,1000
EuroSAT,C_combined,3,WIPT-2,48.628,0.5536,1000
EuroSAT,C_combined,4,SupportTransformer+ViT,32.0493,0.4339,1000
EuroSAT,C_combined,4,WIPT-2,44.936,0.5271,1000
EuroSAT,C_combined,5,SupportTransformer+ViT,31.8787,0.4917,1000
EuroSAT,C_combined,5,WIPT-2,41.0787,0.4897,1000
EuroSAT,clean,0,ProtoNet+ViT,82.61600195765496,0.400224228608291,1000
EuroSAT,A_structured,1,ProtoNet+ViT,81.70000200271606,0.4098350842461076,1000
EuroSAT,A_structured,2,ProtoNet+ViT,80.64666845798493,0.4387752207746748,1000
EuroSAT,A_structured,3,ProtoNet+ViT,78.15333507657051,0.4500128892767877,1000
EuroSAT,A_structured,4,ProtoNet+ViT,73.38000150620937,0.4953608112820619,1000
EuroSAT,A_structured,5,ProtoNet+ViT,62.18933467268944,0.5497082121349831,1000
EuroSAT,B_stochastic,1,ProtoNet+ViT,76.1400016784668,0.4656996158651681,1000
EuroSAT,B_stochastic,2,ProtoNet+ViT,72.10000158846378,0.5090120972346068,1000
EuroSAT,B_stochastic,3,ProtoNet+ViT,66.90533484220505,0.5500881673189221,1000
EuroSAT,B_stochastic,4,ProtoNet+ViT,61.33866793513298,0.5610582471386567,1000
EuroSAT,B_stochastic,5,ProtoNet+ViT,49.07600116878748,0.5652207555340971,1000
EuroSAT,C_combined,1,ProtoNet+ViT,70.78666817247867,0.511454133053877,1000
EuroSAT,C_combined,2,ProtoNet+ViT,62.23333472907543,0.5515180680683508,1000
EuroSAT,C_combined,3,ProtoNet+ViT,53.84933469593525,0.5716518500253681,1000
EuroSAT,C_combined,4,ProtoNet+ViT,42.786667653918265,0.5036690516028237,1000
EuroSAT,C_combined,5,ProtoNet+ViT,32.34000069051981,0.410989430330768,1000
ISIC,clean,0,SupportTransformer+ViT,36.3507,0.4093,1000
ISIC,clean,0,WIPT-2,38.8773,0.4239,1000
ISIC,A_structured,1,SupportTransformer+ViT,35.2253,0.3935,1000
ISIC,A_structured,1,WIPT-2,37.408,0.4122,1000
ISIC,A_structured,2,SupportTransformer+ViT,33.784,0.4052,1000
ISIC,A_structured,2,WIPT-2,35.692,0.4141,1000
ISIC,A_structured,3,SupportTransformer+ViT,32.4013,0.3751,1000
ISIC,A_structured,3,WIPT-2,34.4147,0.3951,1000
ISIC,A_structured,4,SupportTransformer+ViT,30.168,0.3472,1000
ISIC,A_structured,4,WIPT-2,33.7733,0.4148,1000
ISIC,A_structured,5,SupportTransformer+ViT,30.1627,0.3726,1000
ISIC,A_structured,5,WIPT-2,32.632,0.4234,1000
ISIC,B_stochastic,1,SupportTransformer+ViT,33.6093,0.395,1000
ISIC,B_stochastic,1,WIPT-2,36.244,0.4185,1000
ISIC,B_stochastic,2,SupportTransformer+ViT,32.8307,0.3865,1000
ISIC,B_stochastic,2,WIPT-2,35.1787,0.4075,1000
ISIC,B_stochastic,3,SupportTransformer+ViT,31.132,0.3846,1000
ISIC,B_stochastic,3,WIPT-2,33.6787,0.392,1000
ISIC,B_stochastic,4,SupportTransformer+ViT,29.5547,0.356,1000
ISIC,B_stochastic,4,WIPT-2,31.2733,0.3785,1000
ISIC,B_stochastic,5,SupportTransformer+ViT,27.1827,0.3473,1000
ISIC,B_stochastic,5,WIPT-2,28.2013,0.3613,1000
ISIC,C_combined,1,SupportTransformer+ViT,33.7947,0.3958,1000
ISIC,C_combined,1,WIPT-2,35.7547,0.4129,1000
ISIC,C_combined,2,SupportTransformer+ViT,31.124,0.3676,1000
ISIC,C_combined,2,WIPT-2,32.276,0.394,1000
ISIC,C_combined,3,SupportTransformer+ViT,28.032,0.3503,1000
ISIC,C_combined,3,WIPT-2,29.7027,0.3844,1000
ISIC,C_combined,4,SupportTransformer+ViT,23.9573,0.2992,1000
ISIC,C_combined,4,WIPT-2,25.9067,0.3514,1000
ISIC,C_combined,5,SupportTransformer+ViT,21.1293,0.2354,1000
ISIC,C_combined,5,WIPT-2,22.2467,0.2974,1000
ISIC,clean,0,ProtoNet+ViT,39.086667546629904,0.4237475396391781,1000
ISIC,A_structured,1,ProtoNet+ViT,37.4080007955432,0.4138479139484697,1000
ISIC,A_structured,2,ProtoNet+ViT,35.5760007455945,0.4139801388985258,1000
ISIC,A_structured,3,ProtoNet+ViT,34.52533410340548,0.4019645096722333,1000
ISIC,A_structured,4,ProtoNet+ViT,33.6066673874855,0.4080429865617013,1000
ISIC,A_structured,5,ProtoNet+ViT,32.05866729170084,0.4185554723649531,1000
ISIC,B_stochastic,1,ProtoNet+ViT,36.20133411884308,0.4126844518627079,1000
ISIC,B_stochastic,2,ProtoNet+ViT,35.22933408915996,0.4082016282159383,1000
ISIC,B_stochastic,3,ProtoNet+ViT,33.53333402574062,0.3971630290999031,1000
ISIC,B_stochastic,4,ProtoNet+ViT,31.11733403354884,0.3732234651893285,1000
ISIC,B_stochastic,5,ProtoNet+ViT,27.986667251586915,0.3592625239185926,1000
ISIC,C_combined,1,ProtoNet+ViT,35.55733412653208,0.417588352398783,1000
ISIC,C_combined,2,ProtoNet+ViT,31.798667338490485,0.3903633591644553,1000
ISIC,C_combined,3,ProtoNet+ViT,29.404000610113144,0.3900829817214317,1000
ISIC,C_combined,4,ProtoNet+ViT,25.564000530540945,0.3418194034895889,1000
ISIC,C_combined,5,ProtoNet+ViT,22.098667116463183,0.2917700926492483,1000
