dataset,model,accuracy,acc_ci95,n_episodes,separation_ratio,margin_norm
CUB,ProtoNet+ViT,97.880005,0.1668442699254062,1500,1.64818678,0.3244916646666667
CUB,WIPT-2,97.86358666666666,0.1657089608177809,1500,1.6622869999999998,0.3238035333333333
CUB,WIPT-All,97.84492666666668,0.1677429505047624,1500,1.6552235333333334,0.3233896
CUB,WIPT-6,97.81473333333334,0.1690859956023069,1500,1.6632488666666667,0.3231394
CUB,WIPT-Residual,97.80496,0.1775786758517988,1500,1.6859178,0.3227606666666667
CUB,SupportTransformer+ViT,97.73913333333331,0.1822269445257804,1500,1.7052411333333333,0.2740949333333333
CUB,WIPT-4,97.61029333333336,0.1747710062353316,1500,1.6816081333333337,0.3203204
CUB,CosineMatching+ViT,97.46886666666668,0.2070983479158114,1500,1.6481870666666667,0.3244909333333333
CUB,RelationHead+ViT,82.22406000000001,0.4951151297803727,1500,1.6481870666666667,0.3244909333333333
EuroSAT,ProtoNet+ViT,82.76266620000001,0.3252101978239742,1500,1.31524112,0.1645064946666666
EuroSAT,WIPT-2,82.32352666666665,0.3308844453763426,1500,1.3214682666666668,0.1631654
EuroSAT,WIPT-All,82.18495999999999,0.3334909978772626,1500,1.3210025333333333,0.1655850666666666
EuroSAT,WIPT-6,81.75568,0.3367250847055378,1500,1.3297142666666666,0.1618034666666666
EuroSAT,WIPT-Residual,80.40081333333332,0.3566698564692497,1500,1.2916288,0.1483812666666666
EuroSAT,SupportTransformer+ViT,79.80798,0.3615574232751239,1500,1.29369,0.1094725333333333
EuroSAT,WIPT-4,79.20340666666667,0.3572138140473482,1500,1.2852204,0.1506865333333333
EuroSAT,CosineMatching+ViT,78.74230666666666,0.3715280448990172,1500,1.3152427333333332,0.1645074
EuroSAT,RelationHead+ViT,61.07996666666665,0.4606120584956618,1500,1.3152427333333332,0.1645074
ISIC,ProtoNet+ViT,38.918222400000005,0.3453724660423872,1500,0.8079852319999999,-0.0468033013333333
ISIC,WIPT-2,38.75294,0.3471154247358033,1500,0.8081724666666665,-0.0470325333333333
ISIC,WIPT-6,38.63728,0.348842751048752,1500,0.8102848,-0.0481704666666666
ISIC,WIPT-All,38.41868,0.340740668759633,1500,0.8078020666666667,-0.0475662666666666
ISIC,WIPT-4,37.56087333333333,0.3391296376171993,1500,0.8083034666666666,-0.0549984
ISIC,WIPT-Residual,37.23995333333333,0.3371904276487349,1500,0.8065769333333332,-0.0600942
ISIC,CosineMatching+ViT,36.23915333333333,0.3358178977086029,1500,0.8079855333333333,-0.0468046666666666
ISIC,SupportTransformer+ViT,36.22302666666667,0.3360489055611013,1500,0.8058669333333333,-0.0470152
ISIC,RelationHead+ViT,27.51202,0.2736635593522,1500,0.8079855333333333,-0.0468046666666666
