dataset,model,accuracy,baseline_accuracy,delta_pp,family
CUB,mean_cosine,97.9591,97.86358666666666,0.09551333333334355,inference_variant
CUB,multi_cosine,97.3218,97.86358666666666,-0.5417866666666669,inference_variant
CUB,multi_euclid,97.3253,97.86358666666666,-0.5382866666666644,inference_variant
CUB,query_weighted_T0.25,97.8631,97.86358666666666,-0.00048666666666008496,query_weighted
CUB,query_weighted_T0.5,97.8596,97.86358666666666,-0.003986666666662586,query_weighted
CUB,query_weighted_T1.0,97.8622,97.86358666666666,-0.0013866666666615401,query_weighted
CUB,WIPT-4,97.61029333333336,97.86358666666666,-0.2532933333333034,trained_variant
CUB,WIPT-6,97.81473333333334,97.86358666666666,-0.04885333333332653,trained_variant
CUB,WIPT-All,97.84492666666668,97.86358666666666,-0.0186599999999828,trained_variant
CUB,WIPT-Residual,97.80496,97.86358666666666,-0.058626666666668825,trained_variant
CUB,margin_objective,97.8204,97.86358666666666,-0.04318666666665649,trained_variant
EuroSAT,mean_cosine,81.9627,82.32352666666665,-0.36082666666665375,inference_variant
EuroSAT,multi_cosine,77.536,82.32352666666665,-4.7875266666666505,inference_variant
EuroSAT,multi_euclid,77.5404,82.32352666666665,-4.7831266666666465,inference_variant
EuroSAT,query_weighted_T0.25,82.3502,82.32352666666665,0.026673333333349092,query_weighted
EuroSAT,query_weighted_T0.5,82.3431,82.32352666666665,0.01957333333335498,query_weighted
EuroSAT,query_weighted_T1.0,82.3333,82.32352666666665,0.009773333333342293,query_weighted
EuroSAT,WIPT-4,79.20340666666667,82.32352666666665,-3.120119999999986,trained_variant
EuroSAT,WIPT-6,81.75568,82.32352666666665,-0.5678466666666537,trained_variant
EuroSAT,WIPT-All,82.18495999999999,82.32352666666665,-0.13856666666666229,trained_variant
EuroSAT,WIPT-Residual,80.40081333333332,82.32352666666665,-1.9227133333333342,trained_variant
EuroSAT,margin_objective,82.256,82.32352666666665,-0.06752666666665164,trained_variant
ISIC,mean_cosine,38.5644,38.75294,-0.18854000000000326,inference_variant
ISIC,multi_cosine,35.7911,38.75294,-2.9618400000000022,inference_variant
ISIC,multi_euclid,35.7884,38.75294,-2.9645399999999995,inference_variant
ISIC,query_weighted_T0.25,38.6916,38.75294,-0.06134000000000128,query_weighted
ISIC,query_weighted_T0.5,38.7191,38.75294,-0.03384000000000498,query_weighted
ISIC,query_weighted_T1.0,38.728,38.75294,-0.02494000000000085,query_weighted
ISIC,WIPT-4,37.56087333333333,38.75294,-1.192066666666669,trained_variant
ISIC,WIPT-6,38.63728,38.75294,-0.11566000000000543,trained_variant
ISIC,WIPT-All,38.41868,38.75294,-0.33426000000000045,trained_variant
ISIC,WIPT-Residual,37.23995333333333,38.75294,-1.51298666666667,trained_variant
ISIC,margin_objective,38.2391,38.75294,-0.5138400000000019,trained_variant
