margin_bin,n_queries,median_protonet_margin,mean_protonet_margin,protonet_accuracy,wipt_accuracy,wipt_minus_protonet_pp,difference_ci95_pp
1,5625,-5.590694427490234,-6.314730647447374,0.0,0.0355555555555555,0.0355555555555555,0.0492731047121122
2,5625,-2.622100830078125,-2.6779673772176107,0.0,2.471111111111111,2.471111111111111,0.4057384729337286
3,5625,-1.0877227783203125,-1.105648097398546,0.0,16.995555555555555,16.995555555555555,0.9816389261288831
4,5625,0.0547256469726562,0.0414157119750976,55.25333333333333,51.11111111111111,-4.142222222222222,1.6490468979404571
5,5625,0.9925498962402344,0.9834034220377604,100.0,82.79111111111112,-17.20888888888889,0.9865104412320136
6,5625,1.804912567138672,1.803867086113824,100.0,94.80888888888887,-5.191111111111111,0.579813210511796
7,5625,2.563053131103516,2.5586756291707355,100.0,98.77333333333334,-1.2266666666666666,0.2876845590009879
8,5625,3.2682323455810547,3.2648854868570965,100.0,99.64444444444445,-0.3555555555555555,0.1555656453184207
9,5625,3.9467849731445312,3.943629090372722,100.0,99.87555555555556,-0.1244444444444444,0.0921405448481677
10,5625,4.618675231933594,4.614983200412326,100.0,99.98222222222222,-0.0177777777777777,0.0348444444444444
11,5625,5.28550910949707,5.283467209201389,100.0,99.98222222222222,-0.0177777777777777,0.0348444444444444
12,5625,5.975841522216797,5.976846318054199,100.0,100.0,0.0,0.0
13,5625,6.694282531738281,6.691652665879992,100.0,100.0,0.0,0.0
14,5625,7.458259582519531,7.456655491977267,100.0,100.0,0.0,0.0
15,5625,8.262760162353516,8.273804785664876,100.0,100.0,0.0,0.0
16,5625,9.202590942382812,9.216275967068142,100.0,100.0,0.0,0.0
17,5625,10.340864181518556,10.35589820336236,100.0,100.0,0.0,0.0
18,5625,11.857757568359377,11.900104824150931,100.0,100.0,0.0,0.0
19,5625,14.425908088684082,14.529053215874566,100.0,100.0,0.0,0.0
20,5625,20.177154541015625,21.51355232510037,100.0,100.0,0.0,0.0
