model,mean,std_across_seeds,seed_42,seed_123,seed_2024,seed_7,seed_999
CosineMatching+ViT,98.4669,0.0485,98.426,98.5013,98.3927,98.5153,98.4993
SupportTransformer+ViT,98.3745,0.0315,98.346,98.3773,98.3353,98.3913,98.4227
WIPT-Residual,98.3401,0.029,98.3047,98.3353,98.314,98.3773,98.3693
ProtoNet+ViT,98.3369,0.027,98.3527,98.3433,98.2833,98.3527,98.3527
WIPT-2,98.33,0.0338,98.344,98.3067,98.28,98.3787,98.3407
WIPT-All,98.2731,0.0263,98.2753,98.262,98.2327,98.3133,98.282
WIPT-6,98.2697,0.0368,98.2973,98.2547,98.2067,98.3113,98.2787
WIPT-4,97.9409,0.0235,97.9353,97.952,97.9067,97.978,97.9327
RelationHead+ViT,87.8963,0.1638,87.7327,87.8373,87.7953,88.202,87.914
