condition,query_group_size,trainable_parameters,sequence_tokens,attention_token_pairs_per_episode,forward_median_ms,forward_p95_ms,backward_median_ms,backward_p95_ms,peak_memory_mb
ProtoNet,0,0,25.0,0.0,0.3413500089664012,0.4252600047038868,,,
Support-only Transformer,0,3549696,25.0,1250.0,3.4525000082794577,3.5213549810578115,,,
WIPT q=1,1,3549696,26.0,101400.0,2.402699989033863,2.795154995692427,8.433800016064197,10.409919993253425,75.7939453125
WIPT q=2,2,3549696,27.0,55298.0,3.384750001714565,5.342474993085489,12.336499989032745,13.054199994076043,64.134765625
WIPT q=3,3,3549696,28.0,39200.0,1.6495500021846965,2.377534980769269,6.750300002750009,11.642800003755838,58.8935546875
WIPT q=4,4,3549696,29.0,31844.0,2.8698999958578497,5.101610018755309,12.567500001750886,12.728739983867854,54.6845703125
WIPT q=5,5,3549696,30.0,27000.0,3.093749997788109,3.5041700190049596,6.898799998452887,7.193640014156699,53.5830078125
PARAMS: none/euclidean,0,0,,,,,,,
PARAMS: none/cosine,0,0,,,,,,,
PARAMS: none/relation,0,229889,,,,,,,
PARAMS: support/euclidean,0,3549696,,,,,,,
PARAMS: support/cosine,0,3549696,,,,,,,
PARAMS: support/relation,0,3779585,,,,,,,
PARAMS: joint/euclidean,1,3549696,,,,,,,
PARAMS: joint/cosine,1,3549696,,,,,,,
PARAMS: joint/relation,1,3779585,,,,,,,
