dataset,n_shot,training_seed,predictor,method,correlation,p_value,n_episodes
CUB,5,0,support_to_query_centroid_error_norm,pearson,-0.06538869446592246,0.011306087557705752,1500
CUB,5,0,support_to_query_centroid_error_norm,spearman,-0.07445723228025843,0.003910186493829331,1500
CUB,5,0,query_within_class_scatter_norm,pearson,-0.06688865096928318,0.009560602100290565,1500
CUB,5,0,query_within_class_scatter_norm,spearman,-0.08257440082644119,0.001370018089102998,1500
CUB,5,0,support_interclass_separation_norm,pearson,-0.054389921678191386,0.035176938413065746,1500
CUB,5,0,support_interclass_separation_norm,spearman,-0.050281848054971816,0.05153284538452065,1500
CUB,5,0,protonet_mean_true_margin,pearson,0.0645100452037308,0.012455004938547775,1500
CUB,5,0,protonet_mean_true_margin,spearman,0.0681951733064398,0.008240296979907276,1500
CUB,5,0,conditioning_variability_norm,pearson,-0.061492300007054766,0.01722566158912912,1500
CUB,5,0,conditioning_variability_norm,spearman,-0.06640387386785522,0.010096501841439494,1500
CUB,5,0,prototype_displacement_norm,pearson,-0.07343329990371926,0.0044337460662648605,1500
CUB,5,0,prototype_displacement_norm,spearman,-0.10191882314252146,7.675615287095837e-05,1500
CUB,5,1,support_to_query_centroid_error_norm,pearson,-0.028703448071289467,0.266576137161683,1500
CUB,5,1,support_to_query_centroid_error_norm,spearman,-0.029699753537396442,0.25032466117487256,1500
CUB,5,1,query_within_class_scatter_norm,pearson,-0.004957942444357936,0.8478507849567173,1500
CUB,5,1,query_within_class_scatter_norm,spearman,-0.012674285980245246,0.623791826113803,1500
CUB,5,1,support_interclass_separation_norm,pearson,0.0022214241262180894,0.9314952188362601,1500
CUB,5,1,support_interclass_separation_norm,spearman,0.00890420175532665,0.7304119561018567,1500
CUB,5,1,protonet_mean_true_margin,pearson,0.020828892079931244,0.42017685375131747,1500
CUB,5,1,protonet_mean_true_margin,spearman,0.02220824623314859,0.39005885499018994,1500
CUB,5,1,conditioning_variability_norm,pearson,-0.0060089612486765205,0.8161231623812942,1500
CUB,5,1,conditioning_variability_norm,spearman,-0.01000385031127768,0.6986568995524086,1500
CUB,5,1,prototype_displacement_norm,pearson,-0.017696146936510553,0.493437893659012,1500
CUB,5,1,prototype_displacement_norm,spearman,-0.025085784198355582,0.33159256124248937,1500
CUB,5,2,support_to_query_centroid_error_norm,pearson,0.01717080311294427,0.5063595136784191,1500
CUB,5,2,support_to_query_centroid_error_norm,spearman,0.011100121963123362,0.6675152186635191,1500
CUB,5,2,query_within_class_scatter_norm,pearson,0.043703984625952985,0.0906373122090074,1500
CUB,5,2,query_within_class_scatter_norm,spearman,0.02865990309671613,0.2673026036275779,1500
CUB,5,2,support_interclass_separation_norm,pearson,0.032260130925665736,0.21177009607279101,1500
CUB,5,2,support_interclass_separation_norm,spearman,0.025067599572472673,0.3319432996653649,1500
CUB,5,2,protonet_mean_true_margin,pearson,-0.027247386101235286,0.2916070337056485,1500
CUB,5,2,protonet_mean_true_margin,spearman,-0.027127357333141124,0.293738627776487,1500
CUB,5,2,conditioning_variability_norm,pearson,0.022770995909675185,0.37815766714558496,1500
CUB,5,2,conditioning_variability_norm,spearman,0.020123761741546176,0.43608630689074374,1500
CUB,5,2,prototype_displacement_norm,pearson,0.024000817563773657,0.3529375189365698,1500
CUB,5,2,prototype_displacement_norm,spearman,0.011389452455398625,0.6593880881091866,1500
CUB,5,3,support_to_query_centroid_error_norm,pearson,-0.028876787194692766,0.26369775774533327,1500
CUB,5,3,support_to_query_centroid_error_norm,spearman,-0.039364636716690146,0.12753231935008785,1500
CUB,5,3,query_within_class_scatter_norm,pearson,-0.016298037834420895,0.5282131803863254,1500
CUB,5,3,query_within_class_scatter_norm,spearman,-0.03351099169457933,0.19457701353209075,1500
CUB,5,3,support_interclass_separation_norm,pearson,0.008408300472323733,0.7448886867448794,1500
CUB,5,3,support_interclass_separation_norm,spearman,-0.014814177679036419,0.5664390240903446,1500
CUB,5,3,protonet_mean_true_margin,pearson,0.010784285689692285,0.6764315416968202,1500
CUB,5,3,protonet_mean_true_margin,spearman,0.025091279675178345,0.33148661360304776,1500
CUB,5,3,conditioning_variability_norm,pearson,-0.02777910119492265,0.2822894316857952,1500
CUB,5,3,conditioning_variability_norm,spearman,-0.04473898370497056,0.08324575417048469,1500
CUB,5,3,prototype_displacement_norm,pearson,-0.008820537254942962,0.7328477981702609,1500
CUB,5,3,prototype_displacement_norm,spearman,-0.0370800294043168,0.15117321144631962,1500
CUB,5,4,support_to_query_centroid_error_norm,pearson,-0.09703345047706685,0.00016732330511439318,1500
CUB,5,4,support_to_query_centroid_error_norm,spearman,-0.09914247329627572,0.00012003770219062126,1500
CUB,5,4,query_within_class_scatter_norm,pearson,-0.11271753245575769,1.2096373067832763e-05,1500
CUB,5,4,query_within_class_scatter_norm,spearman,-0.1146135845496227,8.589604898474175e-06,1500
CUB,5,4,support_interclass_separation_norm,pearson,-0.08032278576532094,0.0018499150693731157,1500
CUB,5,4,support_interclass_separation_norm,spearman,-0.08500469699538794,0.000982679782869689,1500
CUB,5,4,protonet_mean_true_margin,pearson,0.11420488337434939,9.251663092979703e-06,1500
CUB,5,4,protonet_mean_true_margin,spearman,0.11032559301276111,1.8488148726751675e-05,1500
CUB,5,4,conditioning_variability_norm,pearson,-0.11402275533720932,9.562132262529258e-06,1500
CUB,5,4,conditioning_variability_norm,spearman,-0.11252846074721591,1.2512769270571677e-05,1500
CUB,5,4,prototype_displacement_norm,pearson,-0.1220928642070391,2.1115289348563645e-06,1500
CUB,5,4,prototype_displacement_norm,spearman,-0.127777808367027,6.868250449779435e-07,1500
EuroSAT,5,0,support_to_query_centroid_error_norm,pearson,-0.02040127951202839,0.4297838253829415,1500
EuroSAT,5,0,support_to_query_centroid_error_norm,spearman,-0.013626735806650605,0.5979535288032174,1500
EuroSAT,5,0,query_within_class_scatter_norm,pearson,-0.03868083255884017,0.1342856478410839,1500
EuroSAT,5,0,query_within_class_scatter_norm,spearman,-0.03105472850384652,0.22935124723101943,1500
EuroSAT,5,0,support_interclass_separation_norm,pearson,0.00918635537287436,0.7222173577222718,1500
EuroSAT,5,0,support_interclass_separation_norm,spearman,0.0010984791403287142,0.9660933676403187,1500
EuroSAT,5,0,protonet_mean_true_margin,pearson,0.009350087199854031,0.7174765757825499,1500
EuroSAT,5,0,protonet_mean_true_margin,spearman,0.016682181153700574,0.5185355873786047,1500
EuroSAT,5,0,conditioning_variability_norm,pearson,-0.022486786865432967,0.3841400227648677,1500
EuroSAT,5,0,conditioning_variability_norm,spearman,-0.023707793041319935,0.3588480226668845,1500
EuroSAT,5,0,prototype_displacement_norm,pearson,-0.025360907166644752,0.326315308780366,1500
EuroSAT,5,0,prototype_displacement_norm,spearman,-0.018371257999156225,0.47709501551401207,1500
EuroSAT,5,1,support_to_query_centroid_error_norm,pearson,-0.02006123159276474,0.437513690913816,1500
EuroSAT,5,1,support_to_query_centroid_error_norm,spearman,-0.01617182315071269,0.5314128088196763,1500
EuroSAT,5,1,query_within_class_scatter_norm,pearson,-0.05526467329631693,0.03233513600953098,1500
EuroSAT,5,1,query_within_class_scatter_norm,spearman,-0.056227295517753066,0.02943723319532571,1500
EuroSAT,5,1,support_interclass_separation_norm,pearson,-0.014081996067524116,0.585777098783318,1500
EuroSAT,5,1,support_interclass_separation_norm,spearman,-0.024008743265498445,0.35277851136559224,1500
EuroSAT,5,1,protonet_mean_true_margin,pearson,-0.024498268141490438,0.34304538032257387,1500
EuroSAT,5,1,protonet_mean_true_margin,spearman,-0.021813251898333136,0.39854661077136194,1500
EuroSAT,5,1,conditioning_variability_norm,pearson,-0.004193614670417799,0.8710827563037367,1500
EuroSAT,5,1,conditioning_variability_norm,spearman,0.004203285919371028,0.8707880565092753,1500
EuroSAT,5,1,prototype_displacement_norm,pearson,-0.023547768273297298,0.3621019211905135,1500
EuroSAT,5,1,prototype_displacement_norm,spearman,-0.021463776129916724,0.4061481211900972,1500
EuroSAT,5,2,support_to_query_centroid_error_norm,pearson,-0.055186829933578506,0.03257980002588916,1500
EuroSAT,5,2,support_to_query_centroid_error_norm,spearman,-0.05478422569652161,0.03387062864653291,1500
EuroSAT,5,2,query_within_class_scatter_norm,pearson,-0.10086915206339958,9.10157146892214e-05,1500
EuroSAT,5,2,query_within_class_scatter_norm,spearman,-0.09857529041611632,0.00013133683375601685,1500
EuroSAT,5,2,support_interclass_separation_norm,pearson,-0.0388307597115066,0.13278179337353346,1500
EuroSAT,5,2,support_interclass_separation_norm,spearman,-0.053713468737617565,0.03751809329348175,1500
EuroSAT,5,2,protonet_mean_true_margin,pearson,-0.0011185679710167152,0.96547367127341,1500
EuroSAT,5,2,protonet_mean_true_margin,spearman,0.003988719036226041,0.8773304219263252,1500
EuroSAT,5,2,conditioning_variability_norm,pearson,-0.02752669650270004,0.28668704648133975,1500
EuroSAT,5,2,conditioning_variability_norm,spearman,-0.012327183763245455,0.6333265972627097,1500
EuroSAT,5,2,prototype_displacement_norm,pearson,-0.07367462423898212,0.004304934916743912,1500
EuroSAT,5,2,prototype_displacement_norm,spearman,-0.075832647637598,0.0032951788231404284,1500
EuroSAT,5,3,support_to_query_centroid_error_norm,pearson,-0.06830648644487626,0.008135724466724382,1500
EuroSAT,5,3,support_to_query_centroid_error_norm,spearman,-0.06690736664173513,0.009540430492115885,1500
EuroSAT,5,3,query_within_class_scatter_norm,pearson,-0.10714906132750375,3.205095152953906e-05,1500
EuroSAT,5,3,query_within_class_scatter_norm,spearman,-0.10600944616771191,3.890262846289198e-05,1500
EuroSAT,5,3,support_interclass_separation_norm,pearson,-0.01662805845762819,0.519893521224658,1500
EuroSAT,5,3,support_interclass_separation_norm,spearman,-0.040131507012350874,0.12027586957017605,1500
EuroSAT,5,3,protonet_mean_true_margin,pearson,0.037158631100807915,0.15030794279547022,1500
EuroSAT,5,3,protonet_mean_true_margin,spearman,0.03559204973930376,0.16827693314721814,1500
EuroSAT,5,3,conditioning_variability_norm,pearson,-0.08000194887921257,0.0019296582735894609,1500
EuroSAT,5,3,conditioning_variability_norm,spearman,-0.06714002949114749,0.009292814997665603,1500
EuroSAT,5,3,prototype_displacement_norm,pearson,-0.07682427878495682,0.0029078800725319967,1500
EuroSAT,5,3,prototype_displacement_norm,spearman,-0.08432836076402749,0.0010788064169739028,1500
EuroSAT,5,4,support_to_query_centroid_error_norm,pearson,-0.1287165659379903,5.678719201354309e-07,1500
EuroSAT,5,4,support_to_query_centroid_error_norm,spearman,-0.12470418187137466,1.2682352698723503e-06,1500
EuroSAT,5,4,query_within_class_scatter_norm,pearson,-0.14612331168337303,1.3069492981709347e-08,1500
EuroSAT,5,4,query_within_class_scatter_norm,spearman,-0.14412038053412768,2.0658152360175513e-08,1500
EuroSAT,5,4,support_interclass_separation_norm,pearson,-0.03737267698361556,0.14797079377939978,1500
EuroSAT,5,4,support_interclass_separation_norm,spearman,-0.027276587096556643,0.2910900272044604,1500
EuroSAT,5,4,protonet_mean_true_margin,pearson,0.10471823003305121,4.8339205643851434e-05,1500
EuroSAT,5,4,protonet_mean_true_margin,spearman,0.1138944627690538,9.786771486861651e-06,1500
EuroSAT,5,4,conditioning_variability_norm,pearson,-0.08263682321681559,0.001358518640600203,1500
EuroSAT,5,4,conditioning_variability_norm,spearman,-0.08416981348593498,0.001102563610813068,1500
EuroSAT,5,4,prototype_displacement_norm,pearson,-0.12456603855361664,1.3032406288861276e-06,1500
EuroSAT,5,4,prototype_displacement_norm,spearman,-0.12281418647755905,1.8360697009293602e-06,1500
ISIC,5,0,support_to_query_centroid_error_norm,pearson,0.054339335284256635,0.035347598037993276,1500
ISIC,5,0,support_to_query_centroid_error_norm,spearman,0.04680100412639832,0.06997430373601671,1500
ISIC,5,0,query_within_class_scatter_norm,pearson,0.04915652186321289,0.05699000461427206,1500
ISIC,5,0,query_within_class_scatter_norm,spearman,0.053068894746279474,0.039870871230167776,1500
ISIC,5,0,support_interclass_separation_norm,pearson,0.054434422118134554,0.03502739189039449,1500
ISIC,5,0,support_interclass_separation_norm,spearman,0.05610012726645178,0.02980679106877794,1500
ISIC,5,0,protonet_mean_true_margin,pearson,-0.07219099539354104,0.005153729867123755,1500
ISIC,5,0,protonet_mean_true_margin,spearman,-0.06039311197820418,0.01932505444927222,1500
ISIC,5,0,conditioning_variability_norm,pearson,0.04048549770300377,0.11703710804214038,1500
ISIC,5,0,conditioning_variability_norm,spearman,0.043100291776000596,0.09518657865776557,1500
ISIC,5,0,prototype_displacement_norm,pearson,0.0441186194671442,0.08761518696524195,1500
ISIC,5,0,prototype_displacement_norm,spearman,0.04095022753162264,0.11288948996938186,1500
ISIC,5,1,support_to_query_centroid_error_norm,pearson,0.014120831960468025,0.5847437343785571,1500
ISIC,5,1,support_to_query_centroid_error_norm,spearman,0.0018729949633523634,0.9422196246697839,1500
ISIC,5,1,query_within_class_scatter_norm,pearson,0.04574334920775878,0.07654698947517245,1500
ISIC,5,1,query_within_class_scatter_norm,spearman,0.035061707177227695,0.17471153301163647,1500
ISIC,5,1,support_interclass_separation_norm,pearson,-0.002191286722277569,0.9324223643853261,1500
ISIC,5,1,support_interclass_separation_norm,spearman,-0.0018963654370873673,0.941499948526012,1500
ISIC,5,1,protonet_mean_true_margin,pearson,-0.004787396156267584,0.8530238980455885,1500
ISIC,5,1,protonet_mean_true_margin,spearman,0.0035176296070560786,0.8917232110527946,1500
ISIC,5,1,conditioning_variability_norm,pearson,0.051076429860055235,0.047948621740118394,1500
ISIC,5,1,conditioning_variability_norm,spearman,0.036961233486782916,0.15248813703180594,1500
ISIC,5,1,prototype_displacement_norm,pearson,0.048276820096117265,0.061583251543615734,1500
ISIC,5,1,prototype_displacement_norm,spearman,0.034160239065550116,0.18606716130032047,1500
ISIC,5,2,support_to_query_centroid_error_norm,pearson,-0.02227718406869651,0.38858883092793484,1500
ISIC,5,2,support_to_query_centroid_error_norm,spearman,-0.023718181297710268,0.35863742746705457,1500
ISIC,5,2,query_within_class_scatter_norm,pearson,-0.03199179820681246,0.21559704172194366,1500
ISIC,5,2,query_within_class_scatter_norm,spearman,-0.029355877140778794,0.25585392387264827,1500
ISIC,5,2,support_interclass_separation_norm,pearson,-0.03269390289064778,0.20568780782648496,1500
ISIC,5,2,support_interclass_separation_norm,spearman,-0.03433671023763086,0.18380232835753998,1500
ISIC,5,2,protonet_mean_true_margin,pearson,-0.003250704977941562,0.8998944859390396,1500
ISIC,5,2,protonet_mean_true_margin,spearman,-0.0207564407200734,0.42179565903139526,1500
ISIC,5,2,conditioning_variability_norm,pearson,-0.02673612040921041,0.3007589460393202,1500
ISIC,5,2,conditioning_variability_norm,spearman,-0.026100080609702973,0.3124085052872604,1500
ISIC,5,2,prototype_displacement_norm,pearson,-0.025529690736488746,0.32310493493745357,1500
ISIC,5,2,prototype_displacement_norm,spearman,-0.029038573391050537,0.26103061119614474,1500
ISIC,5,3,support_to_query_centroid_error_norm,pearson,-0.010067681295294407,0.6968290717775534,1500
ISIC,5,3,support_to_query_centroid_error_norm,spearman,-0.008133394920568767,0.7529532761101471,1500
ISIC,5,3,query_within_class_scatter_norm,pearson,-0.009208431473465716,0.7215775274835535,1500
ISIC,5,3,query_within_class_scatter_norm,spearman,-0.008793765726124149,0.7336278046363867,1500
ISIC,5,3,support_interclass_separation_norm,pearson,0.0003768111043230874,0.9883659263961565,1500
ISIC,5,3,support_interclass_separation_norm,spearman,0.0007431639221990947,0.9770571003247115,1500
ISIC,5,3,protonet_mean_true_margin,pearson,-0.010440322784523467,0.686193685143003,1500
ISIC,5,3,protonet_mean_true_margin,spearman,-0.017874714972037676,0.48908625603178923,1500
ISIC,5,3,conditioning_variability_norm,pearson,-0.013844494853243428,0.59211499168166,1500
ISIC,5,3,conditioning_variability_norm,spearman,-0.011545304767066751,0.655026797007809,1500
ISIC,5,3,prototype_displacement_norm,pearson,-0.012579149459266319,0.626399023677987,1500
ISIC,5,3,prototype_displacement_norm,spearman,-0.01145949841384955,0.6574265153545554,1500
ISIC,5,4,support_to_query_centroid_error_norm,pearson,0.04088024631179931,0.1135065513978938,1500
ISIC,5,4,support_to_query_centroid_error_norm,spearman,0.04251413089622613,0.09977678858773398,1500
ISIC,5,4,query_within_class_scatter_norm,pearson,0.013806352481959262,0.5931357717744583,1500
ISIC,5,4,query_within_class_scatter_norm,spearman,0.01510087674689113,0.5589510948572687,1500
ISIC,5,4,support_interclass_separation_norm,pearson,0.03442560828017656,0.18266916504345215,1500
ISIC,5,4,support_interclass_separation_norm,spearman,0.036862985993168076,0.15358217140082459,1500
ISIC,5,4,protonet_mean_true_margin,pearson,-0.06919028788629011,0.0073466729860202085,1500
ISIC,5,4,protonet_mean_true_margin,spearman,-0.06653262758309604,0.009951624827850496,1500
ISIC,5,4,conditioning_variability_norm,pearson,0.011772261369770507,0.6486967646327474,1500
ISIC,5,4,conditioning_variability_norm,spearman,0.013696582816983903,0.5960779521207622,1500
ISIC,5,4,prototype_displacement_norm,pearson,0.011483743621560731,0.6567480984919873,1500
ISIC,5,4,prototype_displacement_norm,spearman,0.013045756316631114,0.6136570010496261,1500
