dataset,n_shot,metric,mean,training_seed_sd,training_seed_ci95
CUB,5,wipt_minus_protonet_pp,-0.0887110710144043,0.10607684354396414,0.13171179767163366
CUB,5,support_to_query_centroid_error_norm,0.3817376399065233,0.0,0.0
CUB,5,query_within_class_scatter_norm,0.709428300744609,0.0,0.0
CUB,5,support_interclass_separation_norm,1.0731799539401006,0.0,0.0
CUB,5,protonet_mean_true_margin,14.485142543792724,0.0,0.0
CUB,5,prediction_flip_rate,0.48426667536298434,0.27821754019515565,0.3454527033291334
CUB,5,rescue_rate_among_pn_errors,5.270525331336477,2.426916459248547,3.0134147940970735
CUB,5,break_rate_among_pn_successes,0.2802421788354003,0.1895454088852271,0.23535171023759835
CUB,5,conditioning_variability_norm,0.0033880261713156875,0.00026170061360274047,0.0003249442302183571
CUB,5,prototype_displacement_norm,0.6845556322647784,0.021670330524236895,0.026907269241121055
EuroSAT,5,wipt_minus_protonet_pp,-0.7212444647153219,0.83843166809136,1.0410504172229693
EuroSAT,5,support_to_query_centroid_error_norm,0.5033499761559596,0.0,0.0
EuroSAT,5,query_within_class_scatter_norm,0.9410254858308041,0.0,0.0
EuroSAT,5,support_interclass_separation_norm,1.1291222173818505,0.0,0.0
EuroSAT,5,protonet_mean_true_margin,5.415491348743439,0.0,0.0
EuroSAT,5,prediction_flip_rate,6.014044545119008,1.7680176322173562,2.1952838421137546
EuroSAT,5,rescue_rate_among_pn_errors,13.193852484340894,2.1186306040452596,2.6306273465356926
EuroSAT,5,break_rate_among_pn_successes,3.54557647362254,1.4497524746871613,1.8001054541258619
EuroSAT,5,conditioning_variability_norm,0.006551955387419419,0.0008867136196107646,0.0011010003781876338
EuroSAT,5,prototype_displacement_norm,0.7575177437250431,0.05182721116748073,0.0643519822339649
ISIC,5,wipt_minus_protonet_pp,-0.5383111250400543,0.5252181332360946,0.6521444472430464
ISIC,5,support_to_query_centroid_error_norm,1.0291041816222586,0.0,0.0
ISIC,5,query_within_class_scatter_norm,1.9301337940867647,0.0,0.0
ISIC,5,support_interclass_separation_norm,1.4400521114479732,0.0,0.0
ISIC,5,protonet_mean_true_margin,-1.082034951435402,0.0,0.0
ISIC,5,prediction_flip_rate,8.696711278036236,4.742486799189179,5.888575120509808
ISIC,5,rescue_rate_among_pn_errors,3.602244542767958,1.789958782911153,2.2225273790094056
ISIC,5,break_rate_among_pn_successes,7.015424969016015,4.1488618978158405,5.151492452037273
ISIC,5,conditioning_variability_norm,0.008144795684984133,0.0007406017035793662,0.0009195784723428749
ISIC,5,prototype_displacement_norm,1.6096726846612863,0.06819802109252966,0.08467902753933503
