dataset,training_seed,wipt_minus_protonet_pp,support_to_query_centroid_error_norm,query_within_class_scatter_norm,support_interclass_separation_norm,protonet_mean_true_margin,prediction_flip_rate,rescue_rate_among_pn_errors,break_rate_among_pn_successes,conditioning_variability_norm,prototype_displacement_norm
CUB,0,-0.10222217639287313,0.3817376399065233,0.709428300744609,1.0731799539401006,14.485142543792724,0.5582222312688827,6.00871476276275,0.3249920158552644,0.0033007289650998643,0.6936827254656085
CUB,1,-0.0328888734181722,0.3817376399065233,0.709428300744609,1.0731799539401006,14.485142543792724,0.25511111691594124,3.004134199134199,0.13898149994142778,0.003278750355622646,0.665519296465325
CUB,2,-0.006222208340962728,0.3817376399065233,0.709428300744609,1.0731799539401006,14.485142543792724,0.2648888943096002,3.325520306147241,0.13166582086715226,0.003265822376598108,0.6663411583792604
CUB,3,-0.03466665744781494,0.3817376399065233,0.709428300744609,1.0731799539401006,14.485142543792724,0.41333334147930145,4.999192618240606,0.21617934948284115,0.003240295920411406,0.67983600739467
CUB,4,-0.2675554394721985,0.3817376399065233,0.709428300744609,1.0731799539401006,14.485142543792724,0.9297777928411961,9.015064770397588,0.589392208030316,0.003854533238846414,0.7173989736190277
EuroSAT,0,-0.9253334323565165,0.5033499761559596,0.9410254858308041,1.1291222173818505,5.415491348743439,6.927111236006022,14.983816622720044,4.170411505766932,0.006601172558861499,0.7740585642098663
EuroSAT,1,-0.03199994166692098,0.5033499761559596,0.9410254858308041,1.1291222173818505,5.415491348743439,4.587555623427034,11.467217146305124,2.359128607397759,0.005940751049168778,0.7039557760932592
EuroSAT,2,-0.05422211488087972,0.5033499761559596,0.9410254858308041,1.1291222173818505,5.415491348743439,4.480000059554974,11.248848485429628,2.3222388507621368,0.006066413313504325,0.7155627744221064
EuroSAT,3,-0.5271111925443014,0.5033499761559596,0.9410254858308041,1.1291222173818505,5.415491348743439,5.427555635323127,12.371773465330334,3.1115011775350383,0.006079567098051917,0.7601078127315336
EuroSAT,4,-2.067555642127991,0.5033499761559596,0.9410254858308041,1.1291222173818505,5.415491348743439,8.648000171283881,15.89760670191934,5.764602226650832,0.008071872917510577,0.8339037911684499
ISIC,0,-0.8613333682219187,1.0291041816222586,1.9301337940867647,1.4400521114479732,-1.082034951435402,11.204444701969624,4.533139508315986,9.30876288469545,0.007813305663654783,1.642769276351257
ISIC,1,-0.1875555912653605,1.0291041816222586,1.9301337940867647,1.4400521114479732,-1.082034951435402,4.476444506893555,1.935293812413756,3.471352498887332,0.00774343958290887,1.544055305986971
ISIC,2,0.021333365639050802,1.0291041816222586,1.9301337940867647,1.4400521114479732,-1.082034951435402,4.658666732286414,2.1470872856024243,3.2918615236185325,0.007788004676430851,1.5466323193316236
ISIC,3,-0.3902222146590551,1.0291041816222586,1.9301337940867647,1.4400521114479732,-1.082034951435402,7.5084445886313915,3.172674062899745,5.981521094298374,0.007914360481217499,1.6091686826308413
ISIC,4,-1.273777816692988,1.0291041816222586,1.9301337940867647,1.4400521114479732,-1.082034951435402,15.6355558604002,6.223028044607877,13.023626843580384,0.009464868020708663,1.705737839005738
